id,first_name,last_name,email,car_make,car_model,car_year,car_price
1,Aksel,Ratt,akselratt.ar@gmail.com,Zaparo≈æets,E30,2004,1000.13
2,Mario,Metshein,metshein@gmail.com,Volkswagen,Golf,1999,724
3,Artjom,Vinogradov,artjomka@gmail.com,Toyota,Corolla,1999,300.99
4,Saidee,Inglesfield,singlesfield3@samsung.com,Ford,LTD Crown Victoria,1985,51604.68
6,Dagmar,Hilley,dhilley5@mysql.com,GMC,Sierra 1500,2012,1048.86
7,Hannis,McGurn,hmcgurn6@mac.com,Mercedes-Benz,CL-Class,1998,76220.44
8,Aurora,Kerry,akerry7@imageshack.us,Acura,Vigor,1992,15634.39
9,Ealasaid,Gludor,egludor8@fc2.com,Buick,Verano,2012,31369.24
11,Marys,Lewington,mlewingtona@diigo.com,Pontiac,GTO,2004,76753.09
12,Alika,Rudkin,arudkinb@walmart.com,Buick,LeSabre,1999,51714.17
13,Gisele,Fishwick,gfishwickc@topsy.com,Mercedes-Benz,C-Class,2010,39597.77
14,Abdul,Birkin,abirkind@yelp.com,Saab,9000,1988,13145.31
16,Koral,Briereton,kbrieretonf@cisco.com,Hyundai,Santa Fe,2005,29691.26
17,Anitra,Floweth,aflowethg@example.com,GMC,Envoy XL,2003,34809.64
18,Annadiane,Duddell,aduddellh@de.vu,Acura,RL,1999,42326.1
19,Carolyn,Hallan,challani@squarespace.com,Nissan,Murano,2012,59204.73
20,Brittany,Mulbery,bmulberyj@noaa.gov,Mercury,Capri,1986,13913.9
21,Cassondra,MacNab,cmacnabk@trellian.com,Dodge,Viper,2008,30801.05
22,Amby,Conybear,aconybearl@nytimes.com,Chevrolet,Silverado,2010,59298.37
23,Claresta,Lougheed,clougheedm@bbc.co.uk,Toyota,Camry,2008,52749.39
24,Crin,Hutchin,chutchinn@independent.co.uk,GMC,Jimmy,1993,65828.16
25,Ettie,Dalgliesh,edalgliesho@bravesites.com,Plymouth,Neon,1995,75180.62
26,Shina,Pottie,spottiep@kickstarter.com,Hyundai,Veloster,2012,78350.94
27,Arnaldo,Chaffe,achaffeq@slideshare.net,Land Rover,LR3,2007,81739.93
28,Leroy,Gate,lgater@eventbrite.com,Ford,Taurus,2005,33580.4
29,Callean,Boulsher,cboulshers@liveinternet.ru,Porsche,Boxster,2009,4569.8
30,Hamil,Dowzell,hdowzellt@parallels.com,Infiniti,FX,2007,21715.1
31,Beckie,Haighton,bhaightonu@uol.com.br,Honda,CR-X,1984,97970.74
32,Laina,Bracegirdle,lbracegirdlev@google.de,GMC,Envoy XUV,2004,83636.37
33,Royal,McCuaig,rmccuaigw@unesco.org,Audi,S4,2001,16248.09
34,Batholomew,Woodcraft,bwoodcraftx@gmpg.org,Lotus,Elise,2005,89094.98
35,Elvera,Stubbert,estubberty@nhs.uk,Chevrolet,Malibu Maxx,2006,8928.05
36,Aida,Lansdowne,alansdownez@wikimedia.org,Dodge,Ram 2500 Club,1999,79469.77
37,Tasha,Seymour,tseymour10@cdc.gov,Lexus,ES,1996,32010.36
38,Mendy,O'Griffin,mogriffin11@barnesandnoble.com,Chrysler,Concorde,2003,62556.7
39,Van,Calbaithe,vcalbaithe12@gravatar.com,Ford,Escape,2000,49136.7
40,Renee,Burleton,rburleton13@ebay.co.uk,Hyundai,Excel,1992,71913.54
41,Kippie,Seaborne,kseaborne14@angelfire.com,Hyundai,Elantra,2006,4181.31
42,Reg,Oman,roman15@mapy.cz,Kia,Sorento,2008,67827.7
43,Lauren,Gluyus,lgluyus16@jalbum.net,Mazda,MX-5,2002,91204.85
44,Garnette,Kepling,gkepling17@nydailynews.com,Mercury,Sable,2004,33814.1
45,Pauly,Peffer,ppeffer18@dropbox.com,Chrysler,PT Cruiser,2004,40043.04
46,Quintana,Rubica,qrubica19@taobao.com,Toyota,Tercel,1997,7770.91
47,Braden,Tomaszewicz,btomaszewicz1a@hubpages.com,Chevrolet,HHR Panel,2006,17050.61
48,Raven,Di Claudio,rdiclaudio1b@apache.org,Chevrolet,Silverado 2500,2006,61574.42
49,Goldarina,Olcot,golcot1c@comsenz.com,Hyundai,Sonata,2007,50903
50,Nadeen,Stouther,nstouther1d@un.org,Dodge,Ram 3500 Club,1995,98294.88
51,Corabel,Ingerfield,cingerfield1e@pen.io,Volkswagen,Golf,1992,26359.41
52,Raddie,Happel,rhappel1f@ustream.tv,Buick,Riviera,1997,70041.86
53,Humbert,Rousel,hrousel1g@last.fm,Dodge,Ram Van 2500,1999,78018.26
54,Pooh,McTurlough,pmcturlough1h@house.gov,Jeep,Patriot,2009,13435.83
55,Thea,Catherall,tcatherall1i@chron.com,Hyundai,Genesis,2009,56162.77
56,William,Schubert,wschubert1j@cam.ac.uk,Nissan,240SX,1996,39665.65
57,Kaleb,Beasant,kbeasant1k@constantcontact.com,BMW,3 Series,1992,28591.13
58,Kellia,Bagehot,kbagehot1l@vistaprint.com,Hyundai,Elantra,2005,55890.09
59,Phillida,Armstrong,parmstrong1m@indiegogo.com,Jeep,Grand Cherokee,1995,34362.98
61,Kalvin,McIlraith,kmcilraith1o@angelfire.com,Toyota,4Runner,2005,31692.2
62,Adriena,Neesam,aneesam1p@google.es,Ford,Mustang,1966,85397.57
63,Newton,Cantor,ncantor1q@pinterest.com,Buick,Riviera,1992,60986.48
64,Dotti,Lammiman,dlammiman1r@theglobeandmail.com,Toyota,Camry,1996,65164.8
65,Lorilyn,Robbert,lrobbert1s@illinois.edu,Mercedes-Benz,E-Class,1986,64025.65
66,Carmel,Elleton,celleton1t@privacy.gov.au,Aston Martin,Vantage,2006,34361.84
67,Andy,Izchaki,aizchaki1u@ucoz.ru,BMW,5 Series,2006,1523.47
68,Rochester,Bonsey,rbonsey1v@weebly.com,Acura,RDX,2010,26386.47
69,Kinna,Trematick,ktrematick1w@edublogs.org,Hyundai,Accent,1999,35350.28
70,Katy,Spere,kspere1x@wiley.com,Kia,Optima,2004,81046.95
71,Dix,McGready,dmcgready1y@nydailynews.com,Maybach,57,2011,15105.27
72,Cyrillus,Brend,cbrend1z@latimes.com,Citroen,Eldorado,1997,24081.57
73,Hakim,Kellick,hkellick20@wikipedia.org,Plymouth,Prowler,2000,95263.52
74,Merrili,Wiersma,mwiersma21@oakley.com,Volkswagen,CC,2009,19913.11
75,Kinna,Croson,kcroson22@gmpg.org,Acura,TL,2002,69397.52
76,Crista,Gout,cgout23@amazon.com,BMW,M3,2010,38068.24
77,Grover,Treacher,gtreacher24@vk.com,GMC,Suburban 1500,1999,7922.44
78,Clotilda,Schule,cschule25@bbc.co.uk,Ford,Contour,1996,48477.85
79,Cullen,Ralston,cralston26@diigo.com,Citroen,Fleetwood,1994,53522.28
80,Odella,Carolan,ocarolan27@miitbeian.gov.cn,Toyota,Solara,2001,89872.45
81,Ebonee,Benstead,ebenstead28@bbc.co.uk,Chevrolet,Express 2500,2003,17921.37
82,Roxana,Boig,rboig29@bizjournals.com,Chevrolet,S10,1995,66530.02
83,Sumner,Alchin,salchin2a@biglobe.ne.jp,Land Rover,Range Rover,1997,15518.53
84,Tommie,Carter,tcarter2b@eventbrite.com,Saturn,S-Series,1994,45259.49
85,Christy,Spreull,cspreull2c@geocities.jp,Nissan,Altima,1996,40147.41
86,Jacynth,Bahia,jbahia2d@google.cn,Mitsubishi,Eclipse,2008,62917.2
87,Theresina,Peasegood,tpeasegood2e@msu.edu,BMW,M Roadster,2008,24048.61
89,Gayle,Ladlow,gladlow2g@sciencedirect.com,Chevrolet,TrailBlazer,2008,17943.46
90,Shirley,Jest,sjest2h@upenn.edu,Subaru,Loyale,1992,79410.8
91,Roderich,McTear,rmctear2i@cargocollective.com,Studebaker,Avanti,1964,64268.59
92,Arney,Gentiry,agentiry2j@who.int,BMW,Z8,2002,42546.09
93,Saunders,Kellett,skellett2k@bing.com,Mitsubishi,Expo,1994,42172.67
94,Abigail,Staniland,astaniland2l@meetup.com,Hyundai,Azera,2008,29573.35
95,Waldemar,Westoll,wwestoll2m@kickstarter.com,Dodge,Ram,2003,48557.27
96,Reinaldo,Klimpt,rklimpt2n@ustream.tv,Toyota,Sequoia,2009,26946.05
97,Nonna,Lomansey,nlomansey2o@nature.com,Ford,Crown Victoria,2011,86561.03
98,Henrik,Zorener,hzorener2p@soup.io,GMC,3500 Club Coupe,1995,25450.03
99,Kiersten,Granger,kgranger2q@psu.edu,GMC,3500 Club Coupe,1998,99572.57
100,Abba,Moffet,amoffet2r@dell.com,BMW,5 Series,2010,25387.44
101,Conrade,Odger,codger2s@paypal.com,Scion,tC,2012,50962.14
102,Farah,Hannan,fhannan2t@jugem.jp,Volkswagen,Jetta III,1994,73245.44
103,Jenica,Kingman,jkingman2u@omniture.com,Porsche,Cayman,2006,60058.59
104,Charlton,Reeders,creeders2v@myspace.com,Subaru,Impreza,1999,84704.22
105,Alaster,Jennaroy,ajennaroy2w@geocities.com,Mercedes-Benz,C-Class,1999,89234.54
106,Even,Low,elow2x@google.com.au,Lexus,ES,2008,5963.57
107,Noelani,Umpleby,numpleby2y@ezinearticles.com,Nissan,Frontier,2007,72942.19
108,Fran,Sawrey,fsawrey2z@dedecms.com,Buick,Skylark,1997,42438.87
109,Yance,Easson,yeasson30@who.int,Mitsubishi,Chariot,1995,28852.43
110,Linda,MacCafferty,lmaccafferty31@gmpg.org,Mitsubishi,Precis,1993,72992.91
111,Marshal,Blundin,mblundin32@mapquest.com,Mercury,Cougar,2001,6466.1
112,Hercule,Farmar,hfarmar33@booking.com,Plymouth,Laser,1994,15439.12
113,Andie,Thackwray,athackwray34@baidu.com,BMW,M3,1995,21326.19
114,Aldric,Wakenshaw,awakenshaw35@angelfire.com,Dodge,Grand Caravan,1994,84942.95
115,Andra,Nys,anys36@usatoday.com,Subaru,Legacy,1991,94750.37
116,Ana,Hawkeswood,ahawkeswood37@globo.com,Pontiac,Firebird,1968,91868.63
117,Courtney,Isworth,cisworth38@quantcast.com,Buick,LeSabre,1985,41319.31
118,Tremaine,Wenn,twenn39@pinterest.com,Ford,Aspire,1996,44359.65
119,Urbain,Ayree,uayree3a@tinyurl.com,Ford,Explorer,1991,60696.45
120,Nikki,Pumphreys,npumphreys3b@globo.com,Scion,xB,2008,49494.15
121,Cesar,De Brett,cdebrett3c@bbb.org,Acura,NSX,1992,43470.55
122,Elsworth,Couves,ecouves3d@cornell.edu,Saturn,L-Series,2000,10139.72
123,Minetta,Chaffen,mchaffen3e@fc2.com,Citroen,Eldorado,1994,19509.17
124,Lizette,Dils,ldils3f@hp.com,Mercedes-Benz,S-Class,1992,11607.78
125,Stirling,Prozescky,sprozescky3g@skyrock.com,Citroen,Escalade EXT,2008,41889.17
126,Sonja,Bawdon,sbawdon3h@dedecms.com,Chevrolet,Astro,1994,67146.66
127,Pasquale,Presnell,ppresnell3i@taobao.com,GMC,2500 Club Coupe,1994,71739.32
128,Wynne,Ridges,wridges3j@indiegogo.com,Hyundai,Elantra,2012,74113.96
129,Cora,Cheale,ccheale3k@disqus.com,Jaguar,XK,2006,37004.17
130,Maurice,Cordy,mcordy3l@barnesandnoble.com,Chevrolet,Express 1500,2011,99833.32
131,Martin,Strippling,mstrippling3m@newsvine.com,Pontiac,6000,1984,46663.4
132,Antonietta,Gaucher,agaucher3n@google.nl,Mercury,Milan,2011,1080.32
133,Candice,Cremins,ccremins3o@europa.eu,Buick,LeSabre,2003,21339.21
134,Silas,Brims,sbrims3p@twitter.com,Nissan,240SX,1993,45177.41
135,Brandy,Lewson,blewson3q@army.mil,Buick,Regal,2003,40343.64
136,Fitzgerald,Martinyuk,fmartinyuk3r@timesonline.co.uk,Lincoln,Continental Mark VII,1989,27877.19
137,Norah,Haney,nhaney3s@google.com.au,Buick,Riviera,1989,69482.53
138,Sherman,Primak,sprimak3t@redcross.org,Pontiac,Grand Prix,1975,89531.42
139,Abraham,Manilove,amanilove3u@dropbox.com,Suzuki,Kizashi,2011,410.49
140,Aubrie,Panchen,apanchen3v@sfgate.com,Ford,F150,2006,22233.12
141,Karrie,Sherington,ksherington3w@wordpress.org,Dodge,Dakota,2007,93151.01
142,Ginny,St. Quentin,gstquentin3x@soundcloud.com,Mitsubishi,Raider,2008,48767.84
143,Biddie,L'Homme,blhomme3y@cargocollective.com,BMW,X6 M,2012,37922.92
144,Bud,Dabes,bdabes3z@bluehost.com,Volvo,S80,2009,55854.57
145,Tracie,Dowling,tdowling40@ucoz.ru,GMC,Vandura G3500,1996,68254.83
146,Avictor,Cunnell,acunnell41@hexun.com,Chevrolet,S10,1998,84311.91
147,Jarrett,Fenix,jfenix42@lycos.com,Oldsmobile,Intrigue,1998,47499.07
148,Axe,Sturror,asturror43@meetup.com,Chrysler,LHS,2000,71732.92
149,Tremayne,Fanner,tfanner44@altervista.org,Citroen,SRX,2007,44110.74
150,Ignazio,Kullmann,ikullmann45@vistaprint.com,Toyota,Tacoma,2008,39636.28
151,Kiah,Oolahan,koolahan46@instagram.com,Pontiac,Montana,2003,19281.18
152,Cilka,Olek,colek47@macromedia.com,Saab,9000,1986,3059.34
153,Katinka,Ziehms,kziehms48@cloudflare.com,Dodge,Ram 1500,1995,38020.35
154,Janessa,Haken,jhaken49@lycos.com,Dodge,Ram Van 2500,1996,84563.35
155,Helsa,Bodman,hbodman4a@photobucket.com,Saab,9000,1988,60237.63
156,Cecilius,Clegg,cclegg4b@pinterest.com,GMC,Sonoma Club Coupe,1996,53715.2
157,Linc,Coram,lcoram4c@reference.com,Audi,A4,2004,559.28
158,Dorise,Jakucewicz,djakucewicz4d@abc.net.au,GMC,Sierra 1500,2003,58871.1
159,Corty,Roft,croft4e@quantcast.com,Mercedes-Benz,E-Class,1984,39377.92
160,Aubrie,Pennoni,apennoni4f@posterous.com,Dodge,Daytona,1984,62449.93
161,Idell,Morgue,imorgue4g@bbb.org,Chevrolet,Express,2012,7778.53
162,Skye,McOrkill,smcorkill4h@mit.edu,Buick,Regal,1998,74720.41
163,Cristine,Bust,cbust4i@lulu.com,Mercedes-Benz,R-Class,2006,54092.71
164,Karolina,Menezes,kmenezes4j@google.com.br,BMW,530,2004,56913.55
165,Ianthe,Latour,ilatour4k@moonfruit.com,Honda,Accord,2000,87145.76
166,Blair,Pyer,bpyer4l@loc.gov,Porsche,944,1990,76499.18
167,Barbi,Stepto,bstepto4m@webnode.com,Mercedes-Benz,SLK-Class,2011,69510.14
168,Ken,Tague,ktague4n@washingtonpost.com,Mitsubishi,Cordia,1988,19688.33
169,Van,Hilldrop,vhilldrop4o@icq.com,BMW,3 Series,2012,61332.61
170,Kliment,Nerney,knerney4p@cornell.edu,Ford,F150,2012,416.22
171,Hadleigh,Necrews,hnecrews4q@yahoo.co.jp,BMW,525,2002,30323.71
172,Hermia,Mc Caughan,hmccaughan4r@sitemeter.com,Lexus,GS,2010,17194.31
173,Daryl,Daltry,ddaltry4s@tripod.com,Honda,Insight,2000,63613.14
174,Nalani,Barlthrop,nbarlthrop4t@theatlantic.com,Aston Martin,Rapide,2011,80764.58
175,Shelba,Toon,stoon4u@mac.com,Suzuki,Equator,2009,21489.36
177,Elset,Sicily,esicily4w@unc.edu,Ford,Probe,1992,51577.86
178,Deedee,Dancy,ddancy4x@godaddy.com,Lexus,SC,1994,41203.65
179,Howie,Catto,hcatto4y@pagesperso-orange.fr,Buick,Riviera,1991,24661.89
180,Blythe,Dolphin,bdolphin4z@economist.com,Porsche,Carrera GT,2005,80728.19
181,Waylon,Hubback,whubback50@technorati.com,Citroen,SRX,2012,28869.71
182,Jordon,Winchcomb,jwinchcomb51@cdc.gov,Jaguar,X-Type,2008,39200.43
183,Brad,Keiling,bkeiling52@yale.edu,Toyota,TundraMax,2011,68117.82
184,Daisy,Glentz,dglentz53@people.com.cn,Honda,Civic,2002,94662.94
185,Dorris,Riggoll,driggoll54@purevolume.com,Nissan,Rogue,2010,96032.68
186,Luca,Bonson,lbonson55@bloglovin.com,Aston Martin,Rapide,2010,94444.06
187,Kippie,Giraldez,kgiraldez56@ovh.net,Audi,TT,2001,16923.46
188,Cart,Jaksic,cjaksic57@slashdot.org,Hyundai,Tucson,2010,54487.52
189,Johna,Ritzman,jritzman58@nytimes.com,Nissan,Quest,1997,18023.21
190,Suzi,Bambury,sbambury59@so-net.ne.jp,Toyota,Camry,1998,75688.29
191,Rica,Grass,rgrass5a@stanford.edu,Acura,Integra,1996,1218
192,Cristin,O'Lynn,colynn5b@cnet.com,Hyundai,Veloster,2013,64209.5
193,Forbes,Treamayne,ftreamayne5c@craigslist.org,Ferrari,430 Scuderia,2009,7886.61
194,Brantley,McRavey,bmcravey5d@facebook.com,Toyota,Yaris,2009,937.04
195,Leontyne,Morsom,lmorsom5e@uol.com.br,Audi,S6,2002,13771.41
196,Kristo,Testin,ktestin5f@dyndns.org,Mitsubishi,Excel,1989,83428.5
197,Gaultiero,Blazeby,gblazeby5g@unc.edu,Infiniti,G35,2008,97282.85
198,Urbano,Ollett,uollett5h@mlb.com,Toyota,Sienna,2001,56045.62
199,Tamar,Masse,tmasse5i@networkadvertising.org,Pontiac,Firebird,1969,35005.69
200,Fara,Tennant,ftennant5j@homestead.com,Land Rover,Range Rover,1986,42196.06
201,Frants,Farrah,ffarrah5k@rambler.ru,Suzuki,SJ,1993,47628.22
202,Margaretha,Doherty,mdoherty5l@nytimes.com,Lincoln,Town Car,2011,90960.93
203,Pamella,Clac,pclac5m@rediff.com,BMW,M5,2007,59480.74
204,Ashbey,Lyddyard,alyddyard5n@imdb.com,Volkswagen,Vanagon,1984,99234.88
205,Phebe,Kolakowski,pkolakowski5o@liveinternet.ru,Hummer,H2,2006,18565.8
206,Gun,Cranshaw,gcranshaw5p@edublogs.org,Mercedes-Benz,400E,1992,33499.74
207,Shelby,Jayne,sjayne5q@over-blog.com,Chevrolet,Monte Carlo,1995,71953.39
208,Mindy,Geyton,mgeyton5r@nationalgeographic.com,Mitsubishi,GTO,1998,15349.49
209,Wakefield,Maplethorp,wmaplethorp5s@mtv.com,Chevrolet,HHR,2007,63359.6
210,Cati,D' Angelo,cdangelo5t@addthis.com,Toyota,Celica,1983,87381.51
211,Fernando,Tulip,ftulip5u@ameblo.jp,Mazda,B-Series,1990,8801.79
212,Ichabod,Lewer,ilewer5v@omniture.com,Dodge,Journey,2011,86046.49
213,Rudie,Stiff,rstiff5w@fastcompany.com,Ford,Contour,1995,50079.1
214,Rickert,Snowman,rsnowman5x@merriam-webster.com,Scion,xB,2008,47052.48
215,Gerianne,Seaton,gseaton5y@house.gov,Saturn,Ion,2006,21024.42
216,Murry,Wintringham,mwintringham5z@mozilla.com,Ford,Taurus,1997,74155.54
217,Brear,Maguire,bmaguire60@github.io,Dodge,Dakota,2007,68762.67
218,Zahara,Bordis,zbordis61@g.co,Honda,Civic,1991,84160.14
219,Cleavland,Giovannoni,cgiovannoni62@ezinearticles.com,Ford,Explorer,1997,84743.01
220,Meagan,Cutress,mcutress63@google.co.uk,Mercedes-Benz,E-Class,2001,39839.24
221,Cheri,Tremmel,ctremmel64@odnoklassniki.ru,Audi,RS6,2003,25522.21
222,Olivette,D'Elias,odelias65@prweb.com,Toyota,Land Cruiser,1995,32404.65
223,Claybourne,Thistleton,cthistleton66@1und1.de,Ford,Bronco,1996,38817.4
224,Prissie,Lifton,plifton67@chronoengine.com,Mazda,Navajo,1993,19295.99
225,Aleece,Tinline,atinline68@telegraph.co.uk,Volkswagen,Scirocco,1985,18581.97
226,Giulietta,Sibson,gsibson69@comsenz.com,Lotus,Exige,2005,82798.87
227,Steffi,Quelch,squelch6a@seesaa.net,Honda,CR-V,2008,26966.47
228,Charlotte,Oldland,coldland6b@hubpages.com,Plymouth,Neon,1998,47464.07
229,Gwyn,Paradine,gparadine6c@bizjournals.com,Saturn,Ion,2003,67286.92
230,Hanna,Jeffes,hjeffes6d@tripadvisor.com,Ford,F150,1998,98882.76
231,Dody,Gemmill,dgemmill6e@drupal.org,Ford,Mustang,1974,12828.67
232,Miltie,Francey,mfrancey6f@wunderground.com,Ford,Windstar,1998,19338.71
233,Theo,Polley,tpolley6g@senate.gov,Mazda,Protege5,2003,95134.2
234,Buddie,Danilchenko,bdanilchenko6h@sun.com,Alfa Romeo,Spider,1993,24054.55
235,Joellyn,Huonic,jhuonic6i@creativecommons.org,Mitsubishi,Montero,2003,63718.27
236,Catie,Ollcott,collcott6j@comsenz.com,Isuzu,Rodeo,1997,23655.66
237,Morganne,Klemenz,mklemenz6k@ifeng.com,BMW,X3,2008,12655.78
238,Alysa,Verling,averling6l@unesco.org,Subaru,Outback,2002,87794.16
239,Benoite,Blaik,bblaik6m@apple.com,Audi,RS4,2007,12814.72
240,Gannie,Volette,gvolette6n@nih.gov,Mercedes-Benz,W201,1989,32687.21
241,Kissiah,Casey,kcasey6o@feedburner.com,Dodge,Ram 1500 Club,2001,90572.28
242,Alexander,Beranek,aberanek6p@shutterfly.com,Buick,Rainier,2007,77458.37
243,Dorie,Roelvink,droelvink6q@sbwire.com,Dodge,Durango,1998,82642.29
244,Pamella,Newiss,pnewiss6r@amazonaws.com,GMC,Sierra 1500,2009,90919.24
245,Enrique,Staddart,estaddart6s@desdev.cn,Volvo,C70,1999,64210.63
246,Jacqui,Eccleston,jeccleston6t@mail.ru,Mitsubishi,Diamante,2002,35127.16
247,Sterne,Considine,sconsidine6u@google.com.hk,Honda,Fit,2010,99103.09
248,Karel,Crossan,kcrossan6v@indiatimes.com,Mitsubishi,Precis,1992,14654.4
249,Audie,Deason,adeason6w@bravesites.com,Honda,S2000,2002,67450.2
250,Aleen,Benninger,abenninger6x@state.gov,Ford,Thunderbird,1955,25017.24
251,Gates,Martinat,gmartinat6y@telegraph.co.uk,Toyota,Celica,1994,90695.39
252,Annice,McGauhy,amcgauhy6z@senate.gov,Nissan,350Z Roadster,2006,36472.97
253,Duncan,O' Bee,dobee70@mlb.com,Chrysler,300,1999,54750.92
254,Viki,Farnin,vfarnin71@bravesites.com,Mazda,Miata MX-5,1996,44355.35
255,Bordie,Calbreath,bcalbreath72@spiegel.de,Toyota,Matrix,2007,30372.51
256,Jessamine,Alldread,jalldread73@google.ru,Chevrolet,Silverado 2500,2010,42344.19
257,Gardner,Kensley,gkensley74@mozilla.com,Ford,Mustang,1995,62890.74
258,Murvyn,Anker,manker75@constantcontact.com,Mitsubishi,GTO,1990,26897.98
259,Joanie,Midford,jmidford76@trellian.com,Hyundai,Santa Fe,2012,43382.19
260,Dmitri,Sprowle,dsprowle77@acquirethisname.com,Volkswagen,Cabriolet,1996,96166.7
261,Delphine,Regardsoe,dregardsoe78@hao123.com,Audi,A8,2000,83974.07
262,Vic,Norman,vnorman79@goodreads.com,Ford,E350,2006,40998.25
263,Lydon,Earl,learl7a@sun.com,Infiniti,QX,2002,71866.45
264,Boy,Trumpeter,btrumpeter7b@shinystat.com,Ford,LTD,1986,60388.48
265,Giacobo,Limpricht,glimpricht7c@ucoz.com,Volkswagen,Eos,2012,18176.85
266,Jeri,Capewell,jcapewell7d@technorati.com,Toyota,Paseo,1993,61213.99
267,Mikol,Mill,mmill7e@networkadvertising.org,Ford,Fusion,2007,81438.62
268,Elwira,Speck,especk7f@nps.gov,Mazda,Mazda6,2004,89004.62
269,Dean,Ubsdall,dubsdall7g@bluehost.com,Mercedes-Benz,G-Class,2007,86064.02
270,Ilysa,Rustan,irustan7h@walmart.com,Mazda,Miata MX-5,2011,7862.24
271,Nicol,Mynard,nmynard7i@unc.edu,BMW,X5,2010,25989.75
272,Norine,Eubank,neubank7j@vinaora.com,Toyota,4Runner,2008,24237.14
273,Idalia,Conklin,iconklin7k@tripod.com,Mazda,CX-9,2011,32985.41
274,Marlo,Vallack,mvallack7l@addtoany.com,Jeep,Wrangler,2000,15158.05
275,Al,Corradengo,acorradengo7m@seesaa.net,Saab,9-3,2002,2603.66
276,Valentino,Laven,vlaven7n@taobao.com,Mercedes-Benz,G-Class,2006,88853.38
277,Walsh,Neame,wneame7o@simplemachines.org,Oldsmobile,Regency,1998,98709.32
278,Lorie,Freckingham,lfreckingham7p@altervista.org,Acura,Legend,1989,64033.31
279,Ursala,Rajchert,urajchert7q@ed.gov,GMC,2500,1998,54965.55
280,Glory,Benoey,gbenoey7r@bravesites.com,Porsche,Boxster,2013,91264.06
281,Ferdinand,Heck,fheck7s@sogou.com,Chevrolet,G-Series 1500,1998,90936.33
282,Sonja,Blincowe,sblincowe7t@columbia.edu,Mazda,CX-5,2013,68447.5
283,Garvin,Wauchope,gwauchope7u@webeden.co.uk,Toyota,Celica,1978,47979.09
284,Koressa,Shippey,kshippey7v@desdev.cn,Citroen,XLR-V,2008,46695.61
285,Salli,Cano,scano7w@arizona.edu,Suzuki,Esteem,1998,50928.59
286,Herb,MacCaffrey,hmaccaffrey7x@spiegel.de,Ford,Freestar,2006,19769.79
287,Hart,Capper,hcapper7y@loc.gov,Pontiac,Grand Prix,1992,36051.24
289,Lavena,Peile,lpeile80@ifeng.com,Pontiac,Sunbird,1994,32360.8
290,Di,Pavie,dpavie81@deviantart.com,Oldsmobile,Cutlass,1997,33080.47
291,Elihu,Yanne,eyanne82@mozilla.org,GMC,Yukon XL 1500,2010,25699.53
292,Haleigh,Vyvyan,hvyvyan83@springer.com,Lotus,Elise,2007,57638.63
293,Phyllys,Killeen,pkilleen84@soup.io,Dodge,Ram 3500,2009,86631.52
294,Alyda,Eastope,aeastope85@altervista.org,Oldsmobile,Alero,2001,26424.56
295,Margarette,Frape,mfrape86@dmoz.org,Chevrolet,Express 2500,2002,50953.15
296,Babita,Muspratt,bmuspratt87@indiegogo.com,Chevrolet,LUV,1979,22372.95
297,Burton,Harbor,bharbor88@usa.gov,Lincoln,Navigator,2007,93507.02
298,Laurianne,Trenear,ltrenear89@cornell.edu,Ford,E150,2009,31120.9
299,Glad,Hacket,ghacket8a@buzzfeed.com,Chevrolet,Suburban 2500,1999,28046.6
300,Lexine,Grumley,lgrumley8b@1und1.de,Acura,TL,2009,47169.09
301,Dacie,Beaton,dbeaton8c@prlog.org,Dodge,Spirit,1992,38850.68
302,Hobard,Barens,hbarens8d@yelp.com,Nissan,Xterra,2005,77185.12
303,Rosabel,Stallon,rstallon8e@amazon.com,Honda,Civic,2009,77227.67
305,Drucie,Mea,dmea8g@zimbio.com,Mercedes-Benz,CLK-Class,2009,60772.62
306,Romola,Abercromby,rabercromby8h@tamu.edu,Ford,Crown Victoria,2000,30230.16
307,Juliette,Hayes,jhayes8i@comcast.net,Nissan,GT-R,2009,15547.15
308,Micky,Flaherty,mflaherty8j@wufoo.com,Chevrolet,Colorado,2011,29709.37
309,Avie,Gethyn,agethyn8k@sitemeter.com,Oldsmobile,Cutlass Supreme,1994,66981.15
310,Stoddard,Lightowler,slightowler8l@squidoo.com,BMW,600,1959,20591.57
311,Morganica,Coulston,mcoulston8m@163.com,Nissan,Murano,2005,1590.29
312,Rahel,Radolf,rradolf8n@blogtalkradio.com,Pontiac,Grand Prix,1966,41054.68
313,Luke,Yesenev,lyesenev8o@rakuten.co.jp,Citroen,Escalade ESV,2006,49136.52
314,Bradan,Fremantle,bfremantle8p@columbia.edu,Lexus,ES,2001,93682.07
315,Lauryn,Yarrington,lyarrington8q@berkeley.edu,Ford,Windstar,2001,5814.77
316,Sidonnie,Yanyshev,syanyshev8r@techcrunch.com,Toyota,Land Cruiser,1992,85089.39
317,Adams,Rawson,arawson8s@microsoft.com,Ford,Thunderbird,1986,94454.5
318,Arnaldo,Leathard,aleathard8t@pen.io,Mazda,Protege,2001,93500.52
319,Olympia,Canner,ocanner8u@google.it,Nissan,JUKE,2011,74786.73
320,Arturo,Congreave,acongreave8v@reuters.com,Lamborghini,Gallardo,2006,66158.47
321,Nikolai,Attersoll,nattersoll8w@ibm.com,GMC,Sierra 3500,2004,35542.28
322,Oralee,Hoffner,ohoffner8x@statcounter.com,Jeep,Wrangler,2006,37202.92
323,Elvera,Aplin,eaplin8y@pcworld.com,Buick,Park Avenue,2003,94715.02
324,Willard,Van der Daal,wvanderdaal8z@wikipedia.org,GMC,Yukon,2008,99871.24
325,Bianka,Toll,btoll90@vinaora.com,Volkswagen,Rabbit,2010,79760.9
326,Tyson,Gapp,tgapp91@psu.edu,Eagle,Talon,1990,6076.7
327,Webster,Sperski,wsperski92@nationalgeographic.com,Hyundai,Sonata,1999,69481.95
328,Ellyn,Brooke,ebrooke93@infoseek.co.jp,Smart,Fortwo,2012,60009.73
329,Korie,Taffarello,ktaffarello94@arizona.edu,Dodge,Ram 1500 Club,2001,20330.73
330,Rosie,Strase,rstrase95@ox.ac.uk,Foose,Hemisfear,2007,84373.62
331,Alwyn,Jaumet,ajaumet96@skype.com,BMW,7 Series,2000,59449.78
332,Lusa,Yanshin,lyanshin97@google.de,Chrysler,PT Cruiser,2002,21646.79
333,Findley,Danser,fdanser98@vimeo.com,Ford,F-Series,1993,39378.38
334,Aline,McCumesky,amccumesky99@arstechnica.com,Suzuki,Swift,1994,37355.97
335,Delila,Leftbridge,dleftbridge9a@wunderground.com,Ford,Crown Victoria,1993,32378.26
336,Lemar,Fumagallo,lfumagallo9b@mysql.com,Mitsubishi,Precis,1992,34857.04
337,Jana,Huguet,jhuguet9c@rakuten.co.jp,Ford,Escort,1993,17523.02
338,Imelda,Hudleston,ihudleston9d@tamu.edu,Hummer,H2,2003,76004.31
339,Yule,Aldrin,yaldrin9e@ihg.com,Citroen,DeVille,2002,14169.2
340,Tuck,Le Noury,tlenoury9f@hubpages.com,GMC,3500 Club Coupe,1995,38193.9
341,Marcile,Stouther,mstouther9g@amazon.com,Mercury,Marquis,1986,2390.62
342,Raviv,Hansford,rhansford9h@independent.co.uk,Buick,Riviera,1979,59749.4
343,Sim,Faas,sfaas9i@vk.com,MINI,Cooper,2007,12328.83
344,Scotti,Redhole,sredhole9j@wisc.edu,Hyundai,Tucson,2006,89715.52
346,Roldan,Wait,rwait9l@thetimes.co.uk,Mercedes-Benz,M-Class,2010,29962.39
347,Courtenay,Lindro,clindro9m@cisco.com,Citroen,CTS,2012,79555.54
348,Hildegarde,Kitteman,hkitteman9n@4shared.com,Ford,Taurus,1999,95087.12
349,Norton,Penhall,npenhall9o@bbc.co.uk,Mitsubishi,Mighty Max,1995,23478.78
350,Ulla,Busswell,ubusswell9p@friendfeed.com,Land Rover,Discovery Series II,2000,88848.12
351,Eldredge,Bradly,ebradly9q@nymag.com,Buick,Regal,2002,85262.58
352,Marion,Surmeir,msurmeir9r@google.ru,GMC,2500 Club Coupe,1996,55623.15
353,Arlie,Jennemann,ajennemann9s@hatena.ne.jp,Lotus,Elise,2005,89653.13
354,Melly,Gostick,mgostick9t@timesonline.co.uk,GMC,Envoy,2005,9688.31
355,Fitzgerald,Barson,fbarson9u@census.gov,Mercedes-Benz,E-Class,2012,47694.66
356,Melesa,Traves,mtraves9v@cnbc.com,Nissan,Maxima,2009,93310.13
357,Odette,Dunbar,odunbar9w@goodreads.com,Lexus,GS,1997,77029.4
358,Darleen,Sauniere,dsauniere9x@meetup.com,Chevrolet,Equinox,2005,95192.03
359,Allsun,Bernardotte,abernardotte9y@earthlink.net,GMC,Sonoma,2003,93610.86
360,Rennie,Lashford,rlashford9z@123-reg.co.uk,Chevrolet,Sportvan G10,1992,81816.27
361,Gavan,Gehrels,ggehrelsa0@europa.eu,Audi,A8,2008,1606.49
362,Alden,Camerati,acameratia1@e-recht24.de,Chevrolet,Suburban 1500,2009,36598.6
363,Blondie,Flanagan,bflanagana2@jalbum.net,Mitsubishi,Montero,2006,14938.69
364,Peyter,Storah,pstoraha3@sfgate.com,Acura,RSX,2006,6088.76
365,Dacie,Skates,dskatesa4@photobucket.com,Mercury,Mystique,1995,386.15
366,Dillie,Lowdham,dlowdhama5@blogtalkradio.com,Scion,xD,2010,17917.66
367,Frayda,Cartmail,fcartmaila6@wikispaces.com,Ford,Focus,2006,79225.73
368,Shadow,Pioli,spiolia7@dmoz.org,Dodge,Ram 3500,2009,5975.43
369,Cynthy,Goddman,cgoddmana8@linkedin.com,Mercury,Villager,1999,24533.63
370,Saloma,Somerton,ssomertona9@privacy.gov.au,GMC,Vandura G3500,1996,44783.35
371,Humbert,Trude,htrudeaa@netlog.com,Hyundai,Elantra,2002,6940.79
372,Andre,Knight,aknightab@newsvine.com,Chrysler,LHS,1996,12243.47
373,Stafford,Sill,ssillac@imgur.com,Mitsubishi,Mirage,1990,35101.03
374,Maisey,Rumens,mrumensad@constantcontact.com,Mercury,Mariner,2007,5928.72
375,Carin,Grindall,cgrindallae@cdc.gov,MINI,Clubman,2009,79448.39
376,Luigi,O'Fogarty,lofogartyaf@symantec.com,Ford,F350,2003,34721.43
377,Filide,Dummett,fdummettag@icio.us,Citroen,Catera,1999,46795.83
378,Birch,Pettis,bpettisah@fema.gov,Fairthorpe,Rockette,1960,22171.43
379,Florance,Jansa,fjansaai@yellowpages.com,Mazda,Mazdaspeed 3,2012,82011.28
380,Adah,Christin,achristinaj@github.com,Ford,Escape,2008,90376.6
381,Beltran,Salliere,bsalliereak@go.com,Toyota,Prius,2007,65107.67
382,Adam,O' Concannon,aoconcannonal@smugmug.com,BMW,3 Series,2012,79877
383,Elwin,Sayre,esayream@hubpages.com,Honda,CR-V,2007,90276.52
384,Babita,Royall,broyallan@wunderground.com,Mazda,626,1998,67579.07
385,Tedda,Gierok,tgierokao@intel.com,Hyundai,Sonata,1999,58304.52
386,Bethina,Beer,bbeerap@woothemes.com,Dodge,Challenger,2012,89895.98
387,Issiah,Bentson,ibentsonaq@cmu.edu,Pontiac,Bonneville,1989,78345.93
388,Norby,Booton,nbootonar@ox.ac.uk,Hyundai,Genesis,2011,46903.53
389,Ferdinande,Kersley,fkersleyas@xinhuanet.com,Mitsubishi,GTO,1990,60015.68
390,Willette,Crowdson,wcrowdsonat@wikia.com,Dodge,Ram 2500,2009,47766.1
391,Codi,Aubrun,caubrunau@youtu.be,Volvo,XC90,2010,85696.82
392,Alessandra,Pirdue,apirdueav@tiny.cc,Dodge,Shadow,1994,96306.57
393,Xaviera,Scott,xscottaw@squarespace.com,Mazda,Mazda6 5-Door,2006,19488.81
394,Pavla,Joplin,pjoplinax@msu.edu,Chevrolet,Prizm,1998,81899.02
395,Miles,Crookshank,mcrookshankay@rambler.ru,Mercury,Grand Marquis,1986,51582.25
396,Loren,Garritley,lgarritleyaz@issuu.com,Volkswagen,Golf,2012,39786.78
397,Seward,O'Kane,sokaneb0@microsoft.com,Ford,Thunderbird,1980,39188.61
398,Clara,Cuer,ccuerb1@harvard.edu,Dodge,Neon,1996,91212.62
399,Giraldo,Leveret,gleveretb2@hibu.com,Dodge,Ram 2500,1999,6912.61
400,Dory,Inkpen,dinkpenb3@weather.com,Dodge,Ram 1500 Club,1998,26206.69
401,Zondra,Suthren,zsuthrenb4@hao123.com,Ford,Econoline E350,1993,4520.63
402,Cosette,Weetch,cweetchb5@cafepress.com,Honda,Accord Crosstour,2010,19747.07
403,Hilary,Dackombe,hdackombeb6@over-blog.com,Infiniti,Q,1998,19406.57
404,Genna,Yoxen,gyoxenb7@studiopress.com,Audi,Q7,2010,19544.23
405,Munroe,Pethybridge,mpethybridgeb8@howstuffworks.com,Buick,Riviera,1986,3131.43
406,Trixy,Anstead,tansteadb9@timesonline.co.uk,BMW,X3,2005,12466.07
407,Jakie,Carlill,jcarlillba@cbsnews.com,Nissan,Titan,2006,73087.86
408,Win,Ruben,wrubenbb@indiegogo.com,Toyota,Land Cruiser,2002,17154.98
409,Nancey,Anderton,nandertonbc@ted.com,Citroen,SRX,2008,38319.69
410,Cobbie,Vasser,cvasserbd@issuu.com,GMC,Savana 2500,2011,44164.76
411,Upton,Mallebone,umallebonebe@washingtonpost.com,Pontiac,Bonneville,1984,84203.47
412,Kirstyn,Greatbank,kgreatbankbf@nba.com,Mazda,Tribute,2010,38253.63
413,Loydie,Gatward,lgatwardbg@pinterest.com,Lincoln,Continental,1991,89740.61
414,Shelley,Fulk,sfulkbh@xrea.com,Suzuki,Swift,2000,28590.64
415,Gertie,Diable,gdiablebi@gov.uk,Saab,900,1991,16185.21
416,Jerad,Jeandillou,jjeandilloubj@cbsnews.com,Pontiac,Grand Prix,1983,42881.31
417,Angil,Wiles,awilesbk@dedecms.com,Dodge,Caravan,2000,70118.47
418,Carolina,Georgius,cgeorgiusbl@sitemeter.com,Kia,Spectra5,2006,14374.83
419,Stearn,Goodwyn,sgoodwynbm@list-manage.com,BMW,7 Series,1994,22625.59
420,Korey,Carnaman,kcarnamanbn@nps.gov,Chrysler,200,2012,85816.55
421,Emelda,Creagh,ecreaghbo@time.com,Chevrolet,Silverado 3500,2003,80941.54
422,Nickey,Pattini,npattinibp@imageshack.us,Audi,Q7,2011,22262.05
423,Mohandis,Lansberry,mlansberrybq@mit.edu,Subaru,Baja,2003,9298.78
424,Allene,Juggings,ajuggingsbr@irs.gov,Lexus,ES,1992,71684.51
425,Prisca,Kliemchen,pkliemchenbs@microsoft.com,Audi,TT,2001,37957.94
426,Ranice,Fuchs,rfuchsbt@unesco.org,Maybach,57,2007,69436.7
427,Jake,Ferronier,jferronierbu@desdev.cn,Dodge,Charger,1999,96444.7
428,Hadley,Watson,hwatsonbv@hugedomains.com,Studebaker,Avanti,1964,58578.66
430,Ardra,Thorogood,athorogoodbx@g.co,Toyota,Prius,2004,88435.32
431,Sinclair,Barus,sbarusby@patch.com,Audi,S8,2009,43365.4
432,Fiann,Twinn,ftwinnbz@hp.com,Dodge,Nitro,2011,16924.46
433,Corilla,Calow,ccalowc0@mit.edu,Dodge,Magnum,2005,9737.21
434,Steffen,Mallabone,smallabonec1@psu.edu,Lexus,GS,2006,46825.83
435,Rufe,Danilchik,rdanilchikc2@ovh.net,Porsche,968,1995,31824.66
436,Zabrina,Hunnybun,zhunnybunc3@nydailynews.com,Citroen,DTS,2008,41537
437,Yorker,Patton,ypattonc4@infoseek.co.jp,Chevrolet,Avalanche,2007,57053.6
438,Samaria,Kingaby,skingabyc5@de.vu,Jeep,Liberty,2003,38421.48
439,Ashton,Maffezzoli,amaffezzolic6@noaa.gov,Honda,Prelude,1999,26901.93
440,Dyane,Lovelace,dlovelacec7@mayoclinic.com,Chevrolet,Venture,2000,80327.16
441,Renault,Bert,rbertc8@a8.net,Isuzu,Trooper,1994,44310.65
442,Nydia,Phizakarley,nphizakarleyc9@xrea.com,GMC,Envoy,1998,56256.63
443,Nevsa,Dudbridge,ndudbridgeca@taobao.com,GMC,Yukon,2012,51582.63
444,Teirtza,Hussey,thusseycb@cnet.com,Nissan,Sentra,2006,40191.83
445,Britni,Archibold,barchiboldcc@google.com.br,Chrysler,Town & Country,1993,71605.57
446,Delinda,Sellek,dsellekcd@wikimedia.org,Mazda,Mazda3,2007,60809.87
447,Ambrosi,Gherardesci,agherardescice@vk.com,GMC,Sierra 2500,2002,13683.34
450,Barbaraanne,Curton,bcurtonch@go.com,Scion,xD,2010,83526.33
451,Giorgia,Tripe,gtripeci@utexas.edu,BMW,M3,2002,71034
452,Celinda,Gogerty,cgogertycj@soup.io,Mitsubishi,Galant,1989,36884.06
453,Verine,Lanfere,vlanfereck@bbc.co.uk,Pontiac,Grand Prix,2004,84963.91
454,Ariella,Egginson,aegginsoncl@boston.com,Lexus,GX,2006,45216.51
455,Alessandro,Dyball,adyballcm@cmu.edu,Chrysler,Cirrus,1997,89604.42
456,Beth,Griffin,bgriffincn@jiathis.com,Isuzu,Rodeo,1999,33589.42
457,Ros,Wyllie,rwyllieco@aol.com,Ford,Explorer,2004,16199.79
458,Emile,Johnke,ejohnkecp@cisco.com,Subaru,Baja,2003,32625.45
459,Aprilette,Byron,abyroncq@bizjournals.com,Lamborghini,Diablo,1992,9601.47
460,Jermaine,Ginman,jginmancr@hhs.gov,Ford,Ranger,2008,25195.2
461,Brit,Oller,bollercs@google.ca,Saab,9-5,2006,33171.14
462,Andros,Louca,aloucact@themeforest.net,Buick,LaCrosse,2012,24237.18
463,Bobinette,Snoxell,bsnoxellcu@chron.com,Rambler,Classic,1963,89987.68
464,Kerianne,Evennett,kevennettcv@google.ca,Mazda,B-Series Plus,2004,91200.92
465,Blondie,Cowlin,bcowlincw@cbc.ca,Hyundai,Accent,2002,83349.85
466,Lyssa,Thal,lthalcx@jugem.jp,Plymouth,Neon,2000,89981.29
467,Zenia,Murname,zmurnamecy@homestead.com,Chevrolet,Corvette,1989,67456.17
468,Cal,Hilbourne,chilbournecz@cpanel.net,Ford,Freestar,2007,77640.5
469,Ross,Buyers,rbuyersd0@tinypic.com,Acura,TSX,2010,13650.4
470,Linoel,Kobelt,lkobeltd1@phpbb.com,Kia,Spectra,2000,75951.98
471,Gregorio,Daoust,gdaoustd2@php.net,Mercury,Mystique,1998,97574.37
472,Faun,Higgonet,fhiggonetd3@desdev.cn,Infiniti,Q,2005,49639.32
473,Guillaume,Erwin,gerwind4@nydailynews.com,Honda,del Sol,1996,15309.44
475,Robinson,Brafield,rbrafieldd6@theguardian.com,Toyota,Corolla,2003,32439.45
476,Forster,Doore,fdoored7@wsj.com,Subaru,Loyale,1992,52192.09
477,Maiga,Demeter,mdemeterd8@reference.com,Mitsubishi,Cordia,1988,66790.13
478,Yolane,ffrench Beytagh,yffrenchbeytaghd9@clickbank.net,Bentley,Mulsanne,2012,9840.23
479,Celina,Hardesty,chardestyda@bigcartel.com,Honda,Civic,1994,88735.38
480,Drucy,Szwarc,dszwarcdb@stumbleupon.com,Bentley,Azure,2009,41452.55
481,Chere,Yashnov,cyashnovdc@dyndns.org,Chevrolet,Malibu,2009,53545.11
482,Milly,Nuttey,mnutteydd@fc2.com,Chevrolet,Cavalier,2004,17292.15
483,Vinita,McMurraya,vmcmurrayade@webnode.com,GMC,Yukon,2005,18192.81
484,Dulcea,Monier,dmonierdf@yellowpages.com,Oldsmobile,Bravada,1994,91872.49
485,Archy,Mushett,amushettdg@ycombinator.com,Buick,Park Avenue,2003,64884.07
486,Clerc,Dregan,cdregandh@sogou.com,Mazda,626,1985,53906.03
487,Daniele,McGeachey,dmcgeacheydi@tripod.com,Kia,Spectra,2002,92974.95
488,Celle,Laughrey,claughreydj@usnews.com,Acura,RL,2004,69180.21
489,Carlotta,Bullick,cbullickdk@loc.gov,Pontiac,Bonneville,1965,86127.28
490,Hildagard,Clacey,hclaceydl@163.com,Acura,TSX,2009,6808.21
491,Carla,Canon,ccanondm@tamu.edu,Chevrolet,Silverado 2500,2007,74931.33
492,Pammi,Allberry,pallberrydn@bluehost.com,Toyota,Matrix,2003,56234.41
493,Reyna,Kennermann,rkennermanndo@china.com.cn,Chevrolet,Camaro,1985,35.39
494,Ariel,Cana,acanadp@accuweather.com,Ford,Mustang,1989,20421.57
495,Scarface,Teggart,steggartdq@list-manage.com,Ford,Explorer Sport Trac,2005,94012.33
496,Ree,Rodger,rrodgerdr@usda.gov,Nissan,Sentra,1995,61395.01
497,Sarine,Vurley,svurleyds@google.cn,Citroen,Escalade EXT,2008,5827.35
498,Margaux,Malyj,mmalyjdt@umn.edu,Ford,F150,2008,87216.31
499,Hortense,Riche,hrichedu@blogtalkradio.com,GMC,Yukon XL,2006,30122.55
500,Ferris,Curgenuer,fcurgenuerdv@hp.com,Chevrolet,Malibu,2008,1532.94
501,Dulciana,Cabell,dcabelldw@histats.com,Mercedes-Benz,400SE,1992,54373.82
502,Connie,Kibby,ckibbydx@usda.gov,GMC,Yukon,1997,47976.72
503,Leupold,Dunderdale,ldunderdaledy@timesonline.co.uk,Chrysler,LHS,1997,33016.27
504,Roana,Scyner,rscynerdz@skype.com,Mercedes-Benz,C-Class,1993,86213.26
505,Alayne,O'Kennavain,aokennavaine0@pen.io,Pontiac,Bonneville,2001,81374.62
506,Delores,Wyrall,dwyralle1@flavors.me,Kia,Sportage,1995,49354.19
507,Gabriell,Mulles,gmullese2@epa.gov,Mitsubishi,Truck,1989,86404.31
508,Peggie,Aloshechkin,paloshechkine3@amazon.com,Lexus,RX,2003,64649.27
509,Maxie,Chazelas,mchazelase4@nydailynews.com,Mazda,Mazda6,2004,70359.5
510,Lowell,Korejs,lkorejse5@fc2.com,Lexus,IS,2009,42526.4
511,Base,Leete,bleetee6@go.com,Maserati,Spyder,1989,5685.85
512,Shea,Acreman,sacremane7@nba.com,Jaguar,XK,2010,65721.8
513,Andrus,Osgodby,aosgodbye8@sun.com,Kia,Sorento,2009,31659.7
514,Beltran,Gawne,bgawnee9@booking.com,Subaru,Legacy,2004,13397.83
515,Skelly,Liddle,sliddleea@un.org,Hummer,H2 SUT,2006,33969.2
516,Shadow,Rallin,srallineb@ucla.edu,Jeep,Liberty,2005,58958.49
517,Bale,Gianasi,bgianasiec@harvard.edu,Toyota,Yaris,2010,31347.2
518,Ollie,Scawen,oscawened@bigcartel.com,Chevrolet,S10,2003,14211.88
519,Roslyn,Offord,roffordee@opensource.org,Chevrolet,Sportvan G30,1994,59971.04
520,Amby,Blei,ableief@prnewswire.com,Land Rover,LR3,2006,92252.53
521,Ara,Lynskey,alynskeyeg@cdbaby.com,Maybach,62,2005,85503.41
522,Averill,McAloren,amcaloreneh@dailymail.co.uk,Porsche,911,2000,74536.01
523,Corry,Brellin,cbrellinei@ovh.net,Hyundai,Genesis Coupe,2011,17179.59
524,Benedicto,Goodram,bgoodramej@hubpages.com,BMW,M5,2003,51223.98
525,Harlan,Ansell,hansellek@mapy.cz,Audi,A8,2007,97281.74
526,Kleon,Bish,kbishel@github.com,Suzuki,Esteem,1997,76430.82
527,Katinka,Higgan,khigganem@msu.edu,Mercedes-Benz,G-Class,2008,92411.16
528,Gabriel,Romanet,gromaneten@naver.com,Saab,9000,1991,61961.26
529,Christiana,Rieflin,crieflineo@imgur.com,Maybach,57,2003,42987.89
530,Curtice,Brugden,cbrugdenep@tiny.cc,Ford,C-MAX Hybrid,2013,55057.84
531,Audy,Parzizek,aparzizekeq@t.co,Pontiac,Grand Prix,1963,24031.32
532,Octavius,McCourt,omccourter@howstuffworks.com,Suzuki,XL-7,2008,95554.55
533,Rossy,Szymonowicz,rszymonowiczes@furl.net,Chevrolet,Express,2008,95629.3
534,Helenka,Jaggar,hjaggaret@wunderground.com,Mitsubishi,Mirage,1987,79762.58
535,Aurilia,Kornes,akorneseu@friendfeed.com,Lincoln,Town Car,2005,61598.24
536,Jennette,Waggatt,jwaggattev@webeden.co.uk,Alfa Romeo,Spider,1994,63238.09
537,Humbert,Spellesy,hspellesyew@apple.com,Chevrolet,Express 3500,2007,71539.93
538,Elonore,Abbs,eabbsex@over-blog.com,Mazda,MPV,2000,41352.68
539,Katherina,Shepley,kshepleyey@cdbaby.com,Chevrolet,Silverado 3500,2011,58716.45
540,Ninetta,Dilkes,ndilkesez@loc.gov,Ford,F150,1995,5012.58
541,Lane,Piatto,lpiattof0@typepad.com,Nissan,370Z,2012,80308.87
542,Griffith,Dwelly,gdwellyf1@seattletimes.com,Jeep,Cherokee,2000,38979.39
543,Farr,Mill,fmillf2@cyberchimps.com,Chevrolet,Cruze,2012,52512.4
544,Walden,Gourlay,wgourlayf3@phoca.cz,Toyota,T100,1997,2787.25
545,Babara,Sloley,bsloleyf4@cbslocal.com,Hyundai,Accent,1999,25714.42
546,Ignacio,Moralas,imoralasf5@bloomberg.com,Audi,Allroad,2005,37161.24
547,Renelle,Glason,rglasonf6@google.ca,GMC,2500 Club Coupe,1996,49537.78
548,Cort,Sharrard,csharrardf7@irs.gov,Mazda,MX-5,1998,83806.5
549,Alister,Grushin,agrushinf8@jimdo.com,Lotus,Elan,1990,42693.08
550,Marsha,Olorenshaw,molorenshawf9@drupal.org,Honda,Civic,1999,20363.48
551,Hirsch,Hallam,hhallamfa@so-net.ne.jp,Mitsubishi,L300,1989,31509.78
552,Caitlin,Olerenshaw,colerenshawfb@hc360.com,Chevrolet,Silverado 2500,2002,44026.52
553,Patrizius,Francescone,pfrancesconefc@hexun.com,GMC,Sonoma,1995,4463.28
554,Barbey,Grgic,bgrgicfd@opera.com,Honda,Civic,1991,92579.27
555,Geraldine,Brambley,gbrambleyfe@phoca.cz,Mercedes-Benz,SL-Class,1988,72772.49
556,Saleem,Blunderfield,sblunderfieldff@businessinsider.com,Mercedes-Benz,E-Class,1991,25993
557,Kirbie,Di Bernardo,kdibernardofg@lulu.com,Ford,Mustang,1971,82970.86
558,Halli,Currao,hcurraofh@vistaprint.com,Dodge,Grand Caravan,2006,85547.21
559,Dulcie,Rumbelow,drumbelowfi@zdnet.com,Jeep,Wrangler,1995,28482.91
560,Billie,Ciccoloi,bciccoloifj@hatena.ne.jp,Mercedes-Benz,S-Class,1996,26982.55
561,Salvatore,Dudman,sdudmanfk@auda.org.au,GMC,Sierra 1500,2003,64016.05
562,Jamaal,Gutsell,jgutsellfl@jiathis.com,Mazda,Miata MX-5,2004,67218.38
564,Lishe,Jeakins,ljeakinsfn@webnode.com,Dodge,Charger,1999,91308.51
565,Raul,Drinnan,rdrinnanfo@spotify.com,Citroen,STS-V,2006,3806.01
566,Kipp,Densun,kdensunfp@opensource.org,Infiniti,QX,2006,374.79
567,Johnette,Shanahan,jshanahanfq@noaa.gov,Honda,Accord,1985,59473.31
568,Victoria,McLugaish,vmclugaishfr@jimdo.com,Volvo,S40,2006,54883.08
569,Marji,Klimek,mklimekfs@webs.com,Ford,Windstar,1998,83754.75
570,Silvano,Cicchillo,scicchilloft@mozilla.org,GMC,Terrain,2012,4064.26
571,Randie,Moreinis,rmoreinisfu@senate.gov,Ford,Mustang,2005,17589.08
572,Gregoire,Callendar,gcallendarfv@ezinearticles.com,Pontiac,GTO,1966,93161.92
573,Boony,Perceval,bpercevalfw@wsj.com,BMW,3 Series,1997,28901.1
574,Kendal,Brunger,kbrungerfx@google.nl,Citroen,CTS-V,2011,7852.87
575,Bryn,Groomebridge,bgroomebridgefy@seattletimes.com,Pontiac,Grand Am,1996,83952.33
576,Misha,Gerling,mgerlingfz@vkontakte.ru,Kia,Sephia,1997,90572.79
577,Georgina,Basten,gbasteng0@etsy.com,Buick,Skylark,1986,67820.65
578,Leonhard,Howood,lhowoodg1@admin.ch,Infiniti,Q,1994,38325.08
579,Zuzana,Curd,zcurdg2@diigo.com,Mazda,MX-5,1996,27521.29
580,Jamie,Jillett,jjillettg3@usda.gov,Ford,Expedition,2011,12934.68
581,Gerri,Gravie,ggravieg4@facebook.com,Isuzu,VehiCROSS,2001,72087.9
582,Vonny,Orpin,vorping5@purevolume.com,Lexus,ES,2005,26883.75
583,Hazlett,Kuhlen,hkuhleng6@thetimes.co.uk,BMW,Z4 M,2007,7597.37
584,Lek,Fellgatt,lfellgattg7@ovh.net,Kia,Rio,2004,70509.76
585,Adan,Cromarty,acromartyg8@mapquest.com,Toyota,TundraMax,2011,29664.77
586,Durward,Gajownik,dgajownikg9@booking.com,Jeep,Grand Cherokee,1995,60765.69
587,Vasilis,Welbourn,vwelbournga@ycombinator.com,Acura,TL,2010,51812.59
588,Daphne,Hutt,dhuttgb@instagram.com,Mercedes-Benz,C-Class,1999,52392.83
589,Salomo,Pesak,spesakgc@purevolume.com,Lincoln,Mark VIII,1996,60392.02
590,Elisabeth,Stratiff,estratiffgd@tuttocitta.it,Dodge,Ram Van 2500,1997,46850.99
591,Wilfrid,Wolfenden,wwolfendenge@oaic.gov.au,Subaru,Impreza,1993,5192.49
592,Morganica,Wharfe,mwharfegf@yellowpages.com,Saturn,VUE,2004,79863.05
593,Kaspar,Seyers,kseyersgg@latimes.com,Suzuki,Forenza,2005,38592.15
594,Dillie,Giurio,dgiuriogh@sphinn.com,Nissan,370Z,2011,78552.92
595,Ashlie,Somerset,asomersetgi@shop-pro.jp,Mazda,323,1992,11123.41
596,Nicol,Skirvin,nskirvingj@jimdo.com,BMW,5 Series,2006,69640.93
597,Lyndsay,Clayill,lclayillgk@techcrunch.com,Suzuki,Esteem,2001,52146.19
598,Stearn,Stillgoe,sstillgoegl@nymag.com,Ford,Bronco,1988,61784.75
599,Brittany,Coger,bcogergm@booking.com,Chevrolet,Tahoe,2013,91427.76
600,Bat,McCaffery,bmccafferygn@sina.com.cn,Rolls-Royce,Phantom,2012,6565.14
601,Maiga,Perott,mperottgo@time.com,Infiniti,Q,2004,45604.71
602,Lenette,Greatham,lgreathamgp@globo.com,Nissan,Altima,1999,87580.29
603,Lanae,Mapstone,lmapstonegq@surveymonkey.com,Volkswagen,Jetta,1984,95970.92
604,Aloysia,Itzhaiek,aitzhaiekgr@shop-pro.jp,Mazda,Mazda3,2005,10036.14
605,Napoleon,Denniston,ndennistongs@ning.com,Citroen,Escalade EXT,2012,17168.26
606,Lemmie,Bushell,lbushellgt@redcross.org,Ford,E-Series,1963,60249.14
607,Cosette,McDell,cmcdellgu@answers.com,Honda,Civic,2007,80975.13
608,Ambros,Feye,afeyegv@europa.eu,Nissan,Maxima,2009,37608.66
609,Candie,Leward,clewardgw@netscape.com,Chevrolet,Avalanche 2500,2002,25918.19
610,Ferguson,Emblin,femblingx@yahoo.com,Scion,xB,2006,74282.96
611,Gawen,Danilyuk,gdanilyukgy@cornell.edu,Infiniti,G37,2009,60954.05
612,Marjie,Bett,mbettgz@i2i.jp,Ford,F450,2012,44368.33
613,Cicely,Seward,csewardh0@deviantart.com,Lamborghini,Gallardo,2003,18229.96
614,Clarie,Mallord,cmallordh1@senate.gov,Land Rover,Freelander,2009,49936.16
615,Maxim,Buntine,mbuntineh2@go.com,Porsche,Cayman,2011,64891.19
616,Dunstan,Hallan,dhallanh3@ameblo.jp,Toyota,4Runner,1997,67316.44
617,Elyse,Kenny,ekennyh4@springer.com,Nissan,Frontier,2009,24278.83
618,Debby,Dellit,ddellith5@liveinternet.ru,Volkswagen,GTI,1992,44009.3
619,Clementius,Perkinson,cperkinsonh6@lycos.com,Toyota,Highlander,2002,87055.24
620,April,Vossgen,avossgenh7@mashable.com,Porsche,944,1983,15237.37
621,Johan,Torregiani,jtorregianih8@meetup.com,Acura,RL,2010,51854.53
622,Welby,McKevin,wmckevinh9@google.com.br,Lexus,GS,2003,31132.33
623,Chris,Klas,cklasha@tripadvisor.com,Oldsmobile,98,1993,30694.38
624,Gayla,Batham,gbathamhb@abc.net.au,GMC,Sonoma,2004,9117.14
625,Sheffy,Macrow,smacrowhc@yahoo.com,GMC,Yukon XL 1500,2004,99134.13
626,Bess,Kelsell,bkelsellhd@unicef.org,Kia,Sephia,1998,93351.73
627,Hinda,Wisdom,hwisdomhe@scientificamerican.com,Lincoln,Continental Mark VII,1991,50065.39
628,Bobine,Burnall,bburnallhf@elegantthemes.com,Lexus,LX,1999,42479.73
629,Emiline,Leonarde,eleonardehg@bbb.org,Audi,S6,2011,60333.43
630,Barry,Brill,bbrillhh@ucsd.edu,Suzuki,XL-7,2003,24626.02
631,Bren,Redholes,bredholeshi@youku.com,Nissan,Frontier,2011,20826.75
632,Rosalynd,Leathley,rleathleyhj@ibm.com,Chevrolet,Impala,2003,67934.45
633,Wallis,Hugues,whugueshk@nytimes.com,Dodge,Viper,2005,13563.18
634,Napoleon,Gromley,ngromleyhl@cornell.edu,Citroen,STS,2008,3950.36
635,Ginger,Percy,gpercyhm@rakuten.co.jp,Toyota,Echo,2004,62409.55
636,Kit,Osmant,kosmanthn@gizmodo.com,Isuzu,Rodeo,1999,33.33
637,Lock,Pettet,lpettetho@dailymotion.com,Jeep,Compass,2009,58072.63
638,Gearalt,Iglesia,giglesiahp@paginegialle.it,Ford,Mustang,1997,91595.83
639,Trudey,Sanney,tsanneyhq@list-manage.com,Lexus,RX,2009,42172.6
640,Codee,Keggin,ckegginhr@nsw.gov.au,Eagle,Summit,1994,97343.26
641,Dayle,Walford,dwalfordhs@delicious.com,Chevrolet,Express 3500,2009,50052.11
642,Ingeberg,Audley,iaudleyht@google.it,Ford,Ranger,1999,70843.22
643,Rasia,Janek,rjanekhu@sina.com.cn,Lincoln,Blackwood,2003,22090.71
644,Quillan,Hamson,qhamsonhv@vkontakte.ru,Infiniti,QX56,2010,83209.87
645,Louella,McKinnell,lmckinnellhw@vk.com,Jaguar,S-Type,2003,29246.26
646,Stephanie,Gurling,sgurlinghx@fda.gov,Chevrolet,Camaro,1972,44624.69
647,Darcy,Lince,dlincehy@merriam-webster.com,Mazda,Miata MX-5,1994,42701.42
648,Larissa,Deverille,ldeverillehz@163.com,Infiniti,G,2002,45920
649,Arleta,Tarte,atartei0@shareasale.com,Volvo,850,1995,83570.19
650,Barby,Keogh,bkeoghi1@bloglines.com,MINI,Cooper,2006,25057.62
651,Thaddus,Washtell,twashtelli2@ow.ly,Ford,Thunderbird,1985,87106.72
652,Jarrid,De Fries,jdefriesi3@nydailynews.com,Ford,E-Series,1986,45110.63
653,Andi,Vallender,avallenderi4@com.com,Audi,Q5,2012,58248.21
654,Jamal,Samworth,jsamworthi5@arstechnica.com,Honda,Prelude,1984,47603.16
655,Flory,Andriulis,fandriulisi6@squidoo.com,Dodge,Ram Van 3500,2001,55143.64
656,Margot,Francombe,mfrancombei7@woothemes.com,Porsche,Boxster,1997,74965.18
657,Heida,Burnet,hburneti8@thetimes.co.uk,Mercedes-Benz,500E,1993,82523.66
658,Ringo,Maus,rmausi9@cbc.ca,Pontiac,Grand Prix,2008,81059.49
659,Geralda,Jikylls,gjikyllsia@indiegogo.com,Ford,Thunderbird,2003,92111.28
660,Luci,Facey,lfaceyib@zdnet.com,Porsche,911,1985,44460.55
661,Wadsworth,Gemlbett,wgemlbettic@si.edu,Infiniti,Q,2002,53882.51
662,Geordie,Arkle,garkleid@yellowbook.com,Mercury,Tracer,1988,13609.07
663,Corrie,Spanswick,cspanswickie@slideshare.net,Acura,MDX,2012,25002.79
664,Georgy,Chat,gchatif@phoca.cz,Mercedes-Benz,CL-Class,2010,28020.24
665,Galvan,Kybird,gkybirdig@phpbb.com,Mercedes-Benz,R-Class,2010,92808.1
666,Jean,Spacy,jspacyih@sakura.ne.jp,Jeep,Liberty,2011,98431.53
667,Urbain,Beekman,ubeekmanii@alexa.com,Mazda,626,1998,50547.71
668,Tallulah,Roakes,troakesij@go.com,Nissan,Armada,2008,65035.3
669,Prudy,Coatts,pcoattsik@wordpress.org,Acura,Legend,1990,62512.21
670,Tedman,Cowl,tcowlil@upenn.edu,Ford,Econoline E350,2000,43607.64
671,Kalle,Brounsell,kbrounsellim@netvibes.com,Aston Martin,Vantage,2008,9493.45
672,Mohammed,Zylberdik,mzylberdikin@nba.com,Jeep,Wrangler,2002,45191.41
673,Frankie,Oakland,foaklandio@macromedia.com,Jeep,Grand Cherokee,1996,36473.14
674,Joshuah,Vogeler,jvogelerip@cbsnews.com,Citroen,XLR,2006,56889.42
675,Joyann,Shales,jshalesiq@goodreads.com,Audi,TT,2011,29091.49
676,Vicki,Rablin,vrablinir@japanpost.jp,Mercury,Mariner,2007,38262.09
677,Percy,Boatwright,pboatwrightis@weather.com,Audi,R8,2008,11955.67
678,Iain,Frankowski,ifrankowskiit@illinois.edu,Toyota,Supra,1997,58201.07
679,Ardys,Briscoe,abriscoeiu@nymag.com,Mazda,RX-8,2010,20699.58
680,Silvanus,Keighley,skeighleyiv@yahoo.co.jp,Ford,F250,2008,11295.07
681,Alphonso,Rakes,arakesiw@nydailynews.com,Lincoln,Blackwood,2002,7907.33
682,Nell,Brame,nbrameix@themeforest.net,Nissan,Sentra,1994,89882.76
683,Beauregard,Pelman,bpelmaniy@craigslist.org,Chevrolet,Corvette,1994,74319.61
684,Alec,Guthrie,aguthrieiz@cpanel.net,Mazda,MX-6,1993,13620.01
685,Kari,Yeldon,kyeldonj0@indiegogo.com,Lamborghini,Gallardo,2006,36368.06
686,Helena,Witnall,hwitnallj1@mozilla.com,Hyundai,Veloster,2013,26101.84
687,Lusa,Kyneton,lkynetonj2@facebook.com,Suzuki,SJ,1995,75104.24
688,Ashley,Tebbut,atebbutj3@slideshare.net,Hyundai,Sonata,1994,38673.96
689,Melodie,Labon,mlabonj4@cargocollective.com,Mazda,MPV,1998,45885.9
690,Nikolos,Duggon,nduggonj5@sourceforge.net,Lexus,RX Hybrid,2012,71143.86
691,Ann,Bucktharp,abucktharpj6@t-online.de,Ford,GT500,2007,75774.63
692,Tibold,Walby,twalbyj7@networksolutions.com,Chevrolet,S10,2002,77038.58
693,Lainey,Lodden,lloddenj8@toplist.cz,Ford,Explorer Sport Trac,2005,90780.32
694,Sisile,White,swhitej9@techcrunch.com,Mazda,MX-3,1993,74549.9
695,Imogene,Moxstead,imoxsteadja@nsw.gov.au,Isuzu,Trooper,2002,58132.12
696,Alejandra,Shapcote,ashapcotejb@topsy.com,Ford,Aspire,1997,4678.56
697,Maxie,Vallery,mvalleryjc@telegraph.co.uk,Dodge,Intrepid,1995,5860.53
698,Nanny,Sturror,nsturrorjd@unicef.org,GMC,1500,1997,38678.32
699,Elijah,Gavrielli,egavriellije@apache.org,GMC,Savana 2500,1999,85977.57
700,Elana,Slimm,eslimmjf@goodreads.com,Acura,MDX,2001,28229.71
701,Ivonne,Rawdall,irawdalljg@imdb.com,Mazda,929,1990,51292.47
702,Davey,Dawtry,ddawtryjh@icq.com,Mazda,MX-6,1990,97002.88
703,Rosella,Parrott,rparrottji@apache.org,Mercury,Milan,2010,1231.28
704,Ami,Quayle,aquaylejj@rambler.ru,Volkswagen,Jetta,1998,49550.13
705,Brade,Rabidge,brabidgejk@ucsd.edu,Ford,Explorer,2013,55455.08
706,Newton,Climo,nclimojl@dyndns.org,Mazda,Mazda6,2013,73153.22
707,Niles,Connor,nconnorjm@gizmodo.com,Citroen,CTS-V,2006,95066.47
708,Adams,Simner,asimnerjn@bravesites.com,GMC,Savana 3500,2004,34008.97
709,Bartholomeus,Vaulkhard,bvaulkhardjo@moonfruit.com,Oldsmobile,Bravada,1994,97625.56
710,Ashlie,Tobias,atobiasjp@nsw.gov.au,Chevrolet,Camaro,1980,47538.41
711,Laure,Mac Giany,lmacgianyjq@barnesandnoble.com,Nissan,Altima,2006,67217.55
712,Arabel,Gingel,agingeljr@sciencedirect.com,Toyota,Camry,1997,16063.46
713,Harland,Perotti,hperottijs@slate.com,Nissan,Sentra,1993,26444.99
714,Rosette,Beacroft,rbeacroftjt@pinterest.com,Holden,VS Commodore,1996,86439.89
715,Seth,McKue,smckueju@hatena.ne.jp,Pontiac,Gemini,1986,10170.08
716,Farly,Eslie,fesliejv@nytimes.com,Toyota,Paseo,1996,19866
717,Zilvia,Janssens,zjanssensjw@aol.com,GMC,Sonoma Club,1992,25380.45
718,Alana,Jedraszczyk,ajedraszczykjx@aboutads.info,Dodge,Caravan,2010,11998.53
719,Grannie,Accomb,gaccombjy@nsw.gov.au,Land Rover,Range Rover,1998,80639.17
720,Yuma,Sayward,ysaywardjz@fda.gov,Mitsubishi,Diamante,1994,65602.24
721,Syd,Guwer,sguwerk0@cloudflare.com,Chevrolet,Malibu,1999,92388.41
722,Reider,Stanworth,rstanworthk1@examiner.com,BMW,M5,2007,46865.67
724,Glen,Rowling,growlingk3@npr.org,Mitsubishi,GTO,1994,76373.83
725,Marsh,Tinham,mtinhamk4@dyndns.org,Audi,A5,2011,26183.14
726,Brion,Tockell,btockellk5@baidu.com,Mercedes-Benz,CLK-Class,2004,16453.01
727,Elsbeth,Grahlmans,egrahlmansk6@1und1.de,Mazda,MX-5,2002,97432.55
728,Coleen,Malyon,cmalyonk7@shutterfly.com,Mercury,Cougar,1993,69090.08
729,Tiff,Matejka,tmatejkak8@nyu.edu,Chrysler,Prowler,2002,81084.63
730,Royal,Beevors,rbeevorsk9@t.co,Ford,Mustang,2012,28682.86
731,Marlo,Sheddan,msheddanka@hubpages.com,Chrysler,Town & Country,1993,92809.02
732,Bren,Clarage,bclaragekb@gravatar.com,Honda,del Sol,1994,10739.62
733,Nicolle,Schwartz,nschwartzkc@edublogs.org,Plymouth,Neon,1996,28224
734,Isidoro,Inchboard,iinchboardkd@twitter.com,Mercedes-Benz,W123,1977,33185.17
735,Waneta,Searby,wsearbyke@wikipedia.org,Porsche,944,1985,2356.62
736,Corella,Dawkes,cdawkeskf@youtube.com,Mitsubishi,Endeavor,2004,71651.18
737,Helaine,Kauschke,hkauschkekg@businessweek.com,Audi,A6,2007,16833.69
738,Bancroft,Saban,bsabankh@wufoo.com,Chevrolet,Caprice Classic,1996,58984.48
739,Jacquelin,Round,jroundki@yale.edu,Toyota,Sienna,2012,61421.98
740,Auguste,Stewartson,astewartsonkj@4shared.com,Mazda,Miata MX-5,2007,31333.7
741,Elizabet,Tender,etenderkk@archive.org,Lincoln,Town Car,1990,69190.85
742,Rollins,Semor,rsemorkl@cam.ac.uk,Subaru,Legacy,2011,56696.96
743,Janean,Hale,jhalekm@lulu.com,Dodge,Grand Caravan,1992,82731.96
744,Sheryl,Arnefield,sarnefieldkn@howstuffworks.com,Alfa Romeo,Spider,1992,30312.48
745,Linda,Ramsby,lramsbyko@photobucket.com,Plymouth,Laser,1994,53385.02
746,Gerri,Bridgement,gbridgementkp@typepad.com,Mitsubishi,RVR,1992,66536.23
747,Adolphus,Boissieux,aboissieuxkq@bloglovin.com,Honda,del Sol,1995,19525.67
748,Rolfe,Lampbrecht,rlampbrechtkr@sogou.com,Mazda,B-Series,1994,17740.21
749,Bianca,Cavil,bcavilks@xinhuanet.com,Dodge,D250,1992,72833.96
750,Wye,Learmonth,wlearmonthkt@fema.gov,BMW,1 Series,2010,25458.93
751,Mendy,Whorf,mwhorfku@techcrunch.com,Dodge,D250 Club,1992,12596.62
752,Jammal,Sarrell,jsarrellkv@princeton.edu,Lexus,LS,2008,66902.51
753,Nomi,Comini,ncominikw@shutterfly.com,Toyota,Tundra,2009,70067.62
755,Cordell,Olivella,colivellaky@sciencedirect.com,Lexus,LX,2004,90305.5
756,Sebastian,Demcak,sdemcakkz@tiny.cc,Volkswagen,Eurovan,2002,11013.32
757,Adelaida,Diffley,adiffleyl0@free.fr,BMW,Z3,1999,28992.33
758,Omar,Grocott,ogrocottl1@1und1.de,Mazda,MPV,2003,28150.83
759,Meredeth,Gout,mgoutl2@cloudflare.com,Buick,LeSabre,1988,20373.45
760,Mannie,Jelliman,mjellimanl3@fc2.com,Toyota,TundraMax,2011,11084.13
761,Madelon,Ganford,mganfordl4@reddit.com,Pontiac,Solstice,2006,259.05
762,Gonzales,Salamon,gsalamonl5@walmart.com,GMC,Sierra 3500,2001,33728.94
763,Aluin,Netti,anettil6@bluehost.com,Chevrolet,TrailBlazer,2002,32998.55
764,Kissie,Ollenbuttel,kollenbuttell7@dedecms.com,Pontiac,Bonneville,1987,80487.09
765,Alano,Strutz,astrutzl8@booking.com,Ford,Explorer Sport Trac,2002,3332.35
766,Juana,Acres,jacresl9@ucoz.ru,Nissan,Sentra,1991,31197.03
767,Johnna,Pickett,jpickettla@nps.gov,MINI,Cooper,2003,74308.15
768,Clem,Fillery,cfillerylb@51.la,Chevrolet,Express 1500,2009,89724.32
769,Ana,Hovie,ahovielc@dion.ne.jp,Volkswagen,Golf,2004,13170.78
770,Miquela,Dymidowicz,mdymidowiczld@ask.com,GMC,Yukon XL 2500,2002,75595.98
771,Yorgos,Shee,ysheele@ca.gov,GMC,Envoy,1998,8914.99
772,Madalena,Vasentsov,mvasentsovlf@nbcnews.com,Nissan,Murano,2003,378.2
773,Natale,Sindall,nsindalllg@qq.com,Ford,F250,1999,71327.74
774,Karlyn,Andover,kandoverlh@pcworld.com,Ford,Explorer,2003,39928.49
775,Reggy,Quincee,rquinceeli@joomla.org,Suzuki,Esteem,1997,46715.4
776,Cayla,Wiggett,cwiggettlj@cbc.ca,Buick,Skylark,1990,41703.38
777,Brewster,Hargraves,bhargraveslk@seattletimes.com,Volvo,S80,2003,50410.75
778,Miguel,Purkiss,mpurkissll@addthis.com,Porsche,928,1990,95026.06
779,Rawley,Steen,rsteenlm@mozilla.com,Saturn,Outlook,2007,2230.67
780,Manny,Billsberry,mbillsberryln@tripod.com,Volkswagen,Passat,2008,68350.52
781,Doralia,O'Neill,doneilllo@aol.com,Mercedes-Benz,S-Class,2011,7568.51
782,Renate,Menham,rmenhamlp@gnu.org,Dodge,Grand Caravan,1999,62354.11
783,Dominique,Domb,ddomblq@wikispaces.com,Buick,LeSabre,1994,6146.42
784,Wendall,Feavearyear,wfeavearyearlr@myspace.com,Mercury,Grand Marquis,1997,54403.36
785,Frieda,Hurford,fhurfordls@usnews.com,Volkswagen,GTI,2000,62888.2
786,Walliw,Sturmey,wsturmeylt@skyrock.com,Chevrolet,Aveo,2007,86557.31
787,Neile,Revie,nrevielu@flickr.com,Chrysler,PT Cruiser,2010,31443.17
788,George,Clother,gclotherlv@pinterest.com,Chrysler,Concorde,2001,43901.13
790,Neill,Radolf,nradolflx@technorati.com,Chevrolet,Corvette,2007,32991.31
792,Padget,Gosneye,pgosneyelz@seattletimes.com,Mitsubishi,Montero Sport,2003,53576.79
793,Honey,Havock,hhavockm0@deviantart.com,Toyota,Land Cruiser,2009,89034.3
794,Thomas,McLanaghan,tmclanaghanm1@biglobe.ne.jp,Dodge,Dakota,2004,26128.23
795,Susan,Tooting,stootingm2@cnn.com,Toyota,RAV4,1999,71651.88
796,Bamby,Emmett,bemmettm3@example.com,Toyota,Camry,2010,81959.43
797,Gavin,Petrushanko,gpetrushankom4@nbcnews.com,Dodge,Stratus,2002,18548.38
798,Sheelagh,Karadzas,skaradzasm5@narod.ru,Ford,E350,2012,59867.58
799,Matty,McKibbin,mmckibbinm6@prlog.org,Mitsubishi,Raider,2007,85610.78
800,Lotty,Boram,lboramm7@tripod.com,Chrysler,Voyager,2002,84689.88
801,Archy,Whitloe,awhitloem8@google.es,Ford,Taurus,1986,70827.71
802,Kayle,Paulo,kpaulom9@cpanel.net,Chevrolet,Avalanche 2500,2003,57293.62
803,Suzanne,McCarl,smccarlma@booking.com,Jaguar,S-Type,2006,22988.17
804,Shirl,Jouandet,sjouandetmb@shinystat.com,BMW,M6,2010,84287.02
805,Blanch,Jillins,bjillinsmc@eepurl.com,Mercury,Tracer,1992,36879.18
806,Giles,Mulcaster,gmulcastermd@indiatimes.com,Mitsubishi,Eclipse,2003,18522.15
807,Hyacinthie,Siddeley,hsiddeleyme@google.co.jp,Buick,Century,2003,64392.31
808,Lidia,Inchcomb,linchcombmf@fotki.com,BMW,3 Series,2003,33163.08
809,Ysabel,Izatt,yizattmg@ed.gov,Volkswagen,Cabriolet,1992,26699.2
810,Broderic,Bruckenthal,bbruckenthalmh@barnesandnoble.com,Audi,Allroad,2001,12733.82
811,Danyelle,Drewery,ddrewerymi@chronoengine.com,Dodge,Neon,2005,26319.16
812,Starla,Whalley,swhalleymj@businessweek.com,Hyundai,Azera,2009,4919.97
813,Stacey,Rotchell,srotchellmk@com.com,Dodge,Durango,2004,83927.54
814,Kaleena,Rodger,krodgerml@netvibes.com,Chevrolet,Express 3500,2012,47142.64
815,Burtie,Cockerton,bcockertonmm@sbwire.com,Honda,CR-V,2002,53143.96
816,Boris,Rhucroft,brhucroftmn@flavors.me,Jeep,Wrangler,2001,80671.16
817,Glenn,Dumblton,gdumbltonmo@statcounter.com,Plymouth,Laser,1994,8043.15
818,Rhona,Aleveque,ralevequemp@bloglovin.com,Lincoln,Zephyr,2006,16307.03
819,Allison,Tomet,atometmq@hud.gov,Lexus,LS,2004,21377.75
820,Otis,Fountaine,ofountainemr@is.gd,Ford,Thunderbird,1992,27714.33
821,Krispin,Nerne,knernems@jugem.jp,Ford,Edge,2008,98669.42
822,Ephraim,Longbone,elongbonemt@army.mil,Infiniti,G37,2008,35796.86
823,Rickie,Stango,rstangomu@tmall.com,Jaguar,XJ,2006,88773.77
824,Cart,Skillern,cskillernmv@home.pl,Geo,Prizm,1993,10623.72
825,Madelle,Eckley,meckleymw@fc2.com,Ford,Aspire,1994,61242.33
826,Ana,Hutton,ahuttonmx@plala.or.jp,Buick,Century,1997,36579.54
827,Leonhard,Verheyden,lverheydenmy@nyu.edu,Acura,MDX,2009,83141.34
828,Rodger,Simpole,rsimpolemz@eepurl.com,GMC,Sierra 3500,2001,37621.6
829,Esme,Orred,eorredn0@dailymail.co.uk,Kia,Rio,2009,21586.83
830,Leeann,Lovelady,lloveladyn1@chron.com,Volkswagen,Cabriolet,1986,15704.08
831,Morgen,Roon,mroonn2@walmart.com,Audi,A6,2009,21235.39
832,Delcine,Quarless,dquarlessn3@wordpress.com,Chrysler,Concorde,1999,50994.24
833,Ambros,Brennand,abrennandn4@google.it,Suzuki,Vitara,2004,77068.69
834,Annamarie,Garza,agarzan5@hugedomains.com,Mitsubishi,Lancer,2006,86680.39
835,Abby,Cruwys,acruwysn6@ted.com,Mazda,MX-5,1999,68748.23
836,Carleton,Elsbury,celsburyn7@phpbb.com,Mitsubishi,Raider,2006,56531.31
837,Gunar,Fieldstone,gfieldstonen8@abc.net.au,Saab,9000,1991,80034.18
838,Georgena,Thurby,gthurbyn9@woothemes.com,Dodge,Ram Van 1500,2002,19998.58
839,Kerri,Shulver,kshulverna@aol.com,Volkswagen,Golf,1997,15085.15
840,Anatola,Kopf,akopfnb@soundcloud.com,Buick,Roadmaster,1992,99597.41
841,Miller,Buer,mbuernc@51.la,Jeep,Liberty,2005,65489.72
842,Garvin,Burnside,gburnsidend@wsj.com,GMC,Savana 3500,2009,67180.04
843,Jeanine,Menelaws,jmenelawsne@intel.com,Nissan,Pathfinder,2001,6409.13
844,Rutter,Dimmick,rdimmicknf@posterous.com,Dodge,Ram 3500,1999,84231.54
845,Cori,Portinari,cportinaring@example.com,Isuzu,Space,1992,13755.01
846,Cobbie,Trusler,ctruslernh@cnn.com,Chrysler,200,2012,73349.45
847,Hi,Ravilious,hraviliousni@cnbc.com,Ford,Ranger,2003,75641.64
848,Kelli,O'Hallagan,kohallagannj@prweb.com,Pontiac,Grand Am,1994,60503.79
849,Lorilee,Riccard,lriccardnk@squidoo.com,Chevrolet,Colorado,2006,94173.47
850,Carmencita,Speakman,cspeakmannl@dmoz.org,Dodge,Ram 1500,2009,42666.29
851,Janeczka,Lapworth,jlapworthnm@epa.gov,Chrysler,Concorde,2001,23554.3
852,Oren,Burden,oburdennn@theglobeandmail.com,Volkswagen,Jetta,1993,48321.76
853,Regan,Surgood,rsurgoodno@twitpic.com,Hyundai,Elantra,1998,8508.04
854,Elden,Coslitt,ecoslittnp@rediff.com,Mazda,B-Series,1994,86684.39
855,Robinett,Danjoie,rdanjoienq@ucoz.ru,Ford,LTD Crown Victoria,1984,71487.03
856,Nalani,Koop,nkoopnr@lycos.com,Kia,Rondo,2009,69944.3
857,Steve,Daughtry,sdaughtryns@storify.com,BMW,3 Series,2008,49659.05
858,Tyson,Mart,tmartnt@godaddy.com,Subaru,SVX,1995,55212.24
859,Ximenez,Highman,xhighmannu@youku.com,Ford,Ranger,1998,52147.47
860,Stormi,Walkowski,swalkowskinv@europa.eu,Mercury,Grand Marquis,2007,51195.93
861,Dukie,Caldes,dcaldesnw@desdev.cn,Dodge,Ramcharger,1993,63850.04
862,Renie,Tremoille,rtremoillenx@washington.edu,BMW,325,2004,21676.63
863,Ellette,Brickdale,ebrickdaleny@businesswire.com,Infiniti,FX,2006,8473.38
864,Selma,Shearmer,sshearmernz@feedburner.com,Lexus,IS,2007,2741.68
865,Janot,Cartmail,jcartmailo0@webmd.com,Chevrolet,Tahoe,2006,56203.25
866,Paddie,Lampett,plampetto1@odnoklassniki.ru,Lexus,CT,2011,97680.47
867,Fayina,Hritzko,fhritzkoo2@facebook.com,BMW,M3,2009,2617.12
868,Darill,Denerley,ddenerleyo3@4shared.com,Volvo,V90,1998,57223.35
869,Keeley,Rummings,krummingso4@squidoo.com,Pontiac,Safari,1987,88030.92
870,Nev,Baser,nbasero5@wunderground.com,Acura,MDX,2006,35336.49
871,Celina,Theis,ctheiso6@shutterfly.com,Toyota,4Runner,2004,1704.78
872,Trisha,Lourenco,tlourencoo7@diigo.com,Infiniti,EX,2012,26372.16
873,Torrey,Farnworth,tfarnwortho8@admin.ch,Toyota,Tundra,2009,78945.44
874,Batsheva,Caulket,bcaulketo9@guardian.co.uk,Chrysler,Town & Country,2012,6506.12
875,Arturo,Ahearne,aahearneoa@cpanel.net,Suzuki,Sidekick,1995,69744.84
876,Amerigo,Welburn,awelburnob@woothemes.com,Toyota,Corolla,2002,15466.61
877,Adrian,Gini,aginioc@example.com,Chevrolet,Express 2500,2010,37412.63
878,Claudette,Biermatowicz,cbiermatowiczod@webeden.co.uk,Isuzu,Ascender,2005,94137.98
879,Corabella,Assur,cassuroe@archive.org,Isuzu,Oasis,1996,12779.57
880,Tracee,McKinley,tmckinleyof@cisco.com,Mercedes-Benz,W201,1987,284.94
881,Travis,Toller,ttollerog@csmonitor.com,Toyota,Sienna,2008,81948.08
882,Randal,Lavarack,rlavarackoh@ucoz.com,BMW,5 Series,2012,31123.21
883,Garnet,Dryburgh,gdryburghoi@blogger.com,Buick,Regal,2003,14415.71
884,Paco,Worral,pworraloj@microsoft.com,Chevrolet,Corvette,1966,18207.84
885,Patten,Fantin,pfantinok@slate.com,Chevrolet,TrailBlazer,2005,87817.7
886,Ruprecht,Spir,rspirol@spiegel.de,Lotus,Elise,2008,89866.61
887,Robby,Jaegar,rjaegarom@seattletimes.com,Kia,Sorento,2006,29951.18
888,Edee,Grouer,egroueron@gmpg.org,Buick,Coachbuilder,1995,98670.24
889,Aggy,Yitzhok,ayitzhokoo@gravatar.com,GMC,2500,1995,87152.51
890,Roz,Pires,rpiresop@slate.com,Ford,F-Series,1986,26566.1
891,Ardelia,Woolmore,awoolmoreoq@auda.org.au,Ford,Crown Victoria,1996,9325.27
892,Madlin,MacLice,mmacliceor@bbb.org,Ford,Courier,1988,64407.41
893,Gordon,Pettiford,gpettifordos@fc2.com,Subaru,Legacy,1991,20638.97
894,Northrop,O'Shevlan,noshevlanot@reuters.com,Pontiac,Vibe,2004,25949.08
895,Derek,Minghella,dminghellaou@wix.com,Chevrolet,Impala,2007,51034.38
896,Holly,Cadalleder,hcadallederov@earthlink.net,Dodge,Charger,2008,39695.04
897,Ronny,Walcar,rwalcarow@dmoz.org,Mazda,MPV,1996,97328.24
898,Bernete,McIllroy,bmcillroyox@wikimedia.org,Oldsmobile,Silhouette,1992,18395.55
899,Barris,Blackey,bblackeyoy@soundcloud.com,Mazda,MX-3,1994,93119.13
900,Berti,Ram,bramoz@cornell.edu,Mitsubishi,Mirage,1994,19342.13
901,Marcello,Backhurst,mbackhurstp0@cnet.com,GMC,Safari,2000,86184.99
903,Donavon,De Maine,ddemainep2@cdbaby.com,Mazda,B-Series Plus,2001,42166.29
904,Melany,Dudin,mdudinp3@opensource.org,Lexus,SC,2006,66331.96
905,Hodge,Tullis,htullisp4@desdev.cn,GMC,Sonoma Club,1992,21082.83
906,Nerty,MacNeely,nmacneelyp5@nbcnews.com,Lincoln,Mark VIII,1997,95209.51
907,Merrill,Gillham,mgillhamp6@pbs.org,Aston Martin,DB9,2009,75534.99
908,Earvin,Calles,ecallesp7@nhs.uk,Pontiac,Grand Prix,1982,49907.03
909,Rochella,Delatour,rdelatourp8@nasa.gov,Chevrolet,Tahoe,1998,17263.19
910,Edeline,Pomphrey,epomphreyp9@patch.com,Acura,SLX,1999,3229.06
911,Elsi,Hembry,ehembrypa@taobao.com,Mitsubishi,Galant,2002,37724.61
912,Dayna,Hellmer,dhellmerpb@businessweek.com,GMC,Sonoma,1993,3157.7
913,Fanya,Atwater,fatwaterpc@feedburner.com,Honda,Pilot,2004,98888.07
914,Gwenora,Pitherick,gpitherickpd@usnews.com,Acura,TL,2007,92222.96
915,Meridith,Schimonek,mschimonekpe@pen.io,Hyundai,Elantra,1999,60405.13
916,Berkie,Ealles,beallespf@php.net,Dodge,Ram 2500 Club,1995,84029.61
917,Riannon,MacAlinden,rmacalindenpg@utexas.edu,Ford,Th!nk,2002,57177.48
918,Elbertina,Bruhke,ebruhkeph@i2i.jp,Kia,Optima,2006,60763.04
919,Egor,Dugget,eduggetpi@simplemachines.org,Infiniti,G,2008,70403.99
920,Hermine,Elbourn,helbournpj@lulu.com,Volvo,XC70,2007,40201.8
921,Antonetta,Hinckley,ahinckleypk@ucsd.edu,Chevrolet,Venture,1999,85729.65
922,Kennith,Ronan,kronanpl@blogger.com,Audi,R8,2010,46352.18
923,Tobias,Scarrisbrick,tscarrisbrickpm@surveymonkey.com,Kia,Sportage,2000,92682.26
924,Ynez,Cristofori,ycristoforipn@163.com,Saturn,S-Series,1999,48160.1
925,Conroy,Dredge,cdredgepo@go.com,Volkswagen,Jetta,1985,3958.4
926,Chrisse,Lebreton,clebretonpp@live.com,Tesla,Roadster,2012,59004.23
927,Lauren,Jiggins,ljigginspq@shinystat.com,Ferrari,F430 Spider,2006,74526.63
928,April,Boarer,aboarerpr@booking.com,Mercedes-Benz,W126,1983,64466.88
930,Felicdad,Skerrett,fskerrettpt@blinklist.com,Citroen,XLR,2008,65675.08
931,Kirbie,Leedes,kleedespu@army.mil,Mercedes-Benz,300SD,1993,61015.19
932,Mary,Markushkin,mmarkushkinpv@github.io,GMC,Yukon XL 1500,2012,27525.03
933,Aurilia,Flecknoe,aflecknoepw@google.cn,Acura,TL,2005,87216.29
934,Olly,Heatlie,oheatliepx@amazon.co.uk,Mercury,Mystique,1996,24831.77
935,Vittoria,Vaughn,vvaughnpy@prnewswire.com,Ford,F250,2008,89651.22
936,Concettina,Marusik,cmarusikpz@xrea.com,Mazda,B-Series Plus,1992,88537.25
937,Francisca,Ikin,fikinq0@geocities.jp,Jeep,Liberty,2007,78271.25
938,Sarette,Gapper,sgapperq1@biblegateway.com,Chevrolet,Express 3500,2005,95667.2
939,Val,Lake,vlakeq2@com.com,Spyker,C8 Spyder,2004,11068.2
940,Bradford,Blakemore,bblakemoreq3@zdnet.com,Dodge,Caravan,1998,4551.98
941,Lem,Nucci,lnucciq4@pagesperso-orange.fr,Dodge,Ram 2500 Club,1996,56523.51
942,Silvanus,Maty,smatyq5@loc.gov,Acura,Integra,1998,41992.34
943,Rene,Boatwright,rboatwrightq6@ask.com,BMW,7 Series,1999,47611.85
944,Ephraim,Tallman,etallmanq7@xing.com,GMC,Vandura 1500,1993,27955.29
945,Neila,Blaxland,nblaxlandq8@de.vu,Ford,Bronco II,1988,80050.09
946,Byrle,Cuttell,bcuttellq9@example.com,Pontiac,Grand Prix,1994,29096.69
947,Bambie,Gullick,bgullickqa@salon.com,Mitsubishi,Endeavor,2005,45782.31
948,Eileen,Birrell,ebirrellqb@vistaprint.com,Citroen,Seville,1994,56383.86
949,Silvano,Durno,sdurnoqc@scribd.com,GMC,2500,1998,28766.12
950,Wilhelmine,Goodinge,wgoodingeqd@blogspot.com,Pontiac,Grand Am,1995,6579.48
951,Hunfredo,Gunby,hgunbyqe@godaddy.com,Chevrolet,Silverado Hybrid,2006,69190.67
952,Alica,Myton,amytonqf@nsw.gov.au,Nissan,Versa,2008,72197.15
953,Ivory,Moreno,imorenoqg@pbs.org,Lotus,Evora,2010,53996.68
954,Erena,Keynd,ekeyndqh@cam.ac.uk,Lamborghini,Diablo,1997,17936.64
955,Ora,MacCurtain,omaccurtainqi@stanford.edu,Dodge,Intrepid,2000,78861.23
956,Jerry,Feavearyear,jfeavearyearqj@deviantart.com,Audi,TT,2011,89524.63
957,Rhodia,Geleman,rgelemanqk@wordpress.com,Mazda,MPV,2000,47730.8
958,Penelopa,Guard,pguardql@google.co.jp,Mazda,626,2002,47857.67
959,Goldia,Libbie,glibbieqm@weather.com,Chevrolet,Caprice,1992,77824.33
960,Peder,Zorzini,pzorziniqn@meetup.com,Porsche,968,1995,26048.35
961,Ramsey,Lehmann,rlehmannqo@netlog.com,Ford,F150,2003,53882.32
962,Victoir,Garthland,vgarthlandqp@mysql.com,Mercedes-Benz,G-Class,2002,1565.58
963,Justina,Novichenko,jnovichenkoqq@bravesites.com,Kia,Optima,2001,35078.49
964,Theresina,Suggitt,tsuggittqr@barnesandnoble.com,BMW,X3,2004,16523.46
965,Pippy,Henriksson,phenrikssonqs@bloglines.com,GMC,Savana,2010,76587.33
966,Maiga,Bradbury,mbradburyqt@nymag.com,Chevrolet,Volt,2011,76839.07
967,Antons,Leifer,aleiferqu@time.com,Land Rover,Range Rover,1994,87819.4
968,Iona,Landsberg,ilandsbergqv@artisteer.com,Volkswagen,Jetta,2005,58003.41
969,Sidney,Placidi,splacidiqw@amazon.com,Hyundai,Genesis,2010,44143.95
970,Josephina,Raff,jraffqx@shinystat.com,Audi,TT,2000,75964.8
971,Eugenius,Jeune,ejeuneqy@printfriendly.com,Pontiac,Sunfire,1999,48374.76
972,Ferd,Skeates,fskeatesqz@goodreads.com,BMW,5 Series,2011,26135.45
973,Evanne,Matresse,ematresser0@bbb.org,Toyota,RAV4,2000,68497.1
974,Harper,Folliss,hfollissr1@liveinternet.ru,Toyota,Supra,1992,63228.26
975,Bobby,Kaasman,bkaasmanr2@house.gov,Volkswagen,Eurovan,1994,50953.13
976,Erick,Russan,erussanr3@csmonitor.com,Mazda,Miata MX-5,2002,88478.13
977,Orazio,Hefford,oheffordr4@nymag.com,Toyota,Matrix,2006,50248.92
978,Vicki,Beggini,vbegginir5@europa.eu,Aston Martin,Vantage,2008,26176.1
979,Inness,Elkin,ielkinr6@csmonitor.com,Hyundai,Tucson,2007,65097.22
980,Phaedra,Freeburn,pfreeburnr7@free.fr,Chrysler,LeBaron,1992,17293.02
981,Isidor,Kingsnoad,ikingsnoadr8@loc.gov,Nissan,Armada,2005,69796.17
982,Kristian,Malmar,kmalmarr9@joomla.org,Mercedes-Benz,300D,1993,8203.6
983,Ava,Lemery,alemeryra@huffingtonpost.com,Volkswagen,Cabriolet,1985,41149.99
984,Matthew,Marchington,mmarchingtonrb@tripadvisor.com,Chevrolet,G-Series G20,1993,62450.24
985,Mahalia,Magog,mmagogrc@hatena.ne.jp,Scion,tC,2008,22389.3
986,Lay,Tuckie,ltuckierd@tmall.com,Kia,Spectra,2006,3905.97
987,Meggi,Pitkin,mpitkinre@woothemes.com,Nissan,Armada,2010,77027.6
988,Garfield,Crossan,gcrossanrf@ucla.edu,Ford,Fusion,2009,54904.33
989,Linn,Yanez,lyanezrg@google.co.jp,Maybach,57,2011,40687.48
990,Wesley,Salmons,wsalmonsrh@cocolog-nifty.com,Mitsubishi,Truck,1988,60039.63
991,Averill,Tokell,atokellri@cisco.com,Dodge,Ram 1500 Club,1998,11094.31
992,Penn,Yelland,pyellandrj@imageshack.us,Mercury,Mariner,2011,78753.34
993,Angele,Littlemore,alittlemorerk@typepad.com,Volvo,V70,2005,19304.97
994,Hy,Brownrigg,hbrownriggrl@tumblr.com,Volkswagen,Touareg,2006,50298.19
995,Jobye,Partington,jpartingtonrm@live.com,Lincoln,Navigator L,2010,1051.04
996,Morse,Britt,mbrittrn@sun.com,Mazda,626,1984,16871.11
997,Kordula,Mosley,kmosleyro@noaa.gov,Chevrolet,Silverado 1500,1999,7254.23
998,Ronald,Willoughby,rwilloughbyrp@umn.edu,Nissan,Rogue,2010,70944.25
999,Ansel,Harries,aharriesrq@istockphoto.com,Dodge,Durango,1999,24057.07
1000,Domenic,Macilhench,dmacilhenchrr@goo.ne.jp,Honda,Pilot,2011,59741.09
